,Nombre de la colonia,Municipios en los que se encuentra,Promedio de ocupantes por cuarto en viviendas particulares habitadas,Viviendas particulares habitadas con piso de tierra,Viviendas particulares habitadas que no disponen de agua entubada en el mbito de la vivienda,Viviendas particulares habitadas que disponen de letrina (pozo u hoyo)
0,LOMAS INDEPENDENCIA,Guadalajara,0.71,3,0,0
1,POSTES CUATES,Guadalajara,0.79,4,4,1
2,INDEPENDENCIA ORIENTE,Guadalajara,0.66,8,3,2
3,BELISARIO DOMINGUEZ,Guadalajara,0.83,10,2,1
4,SANTA MARIA,Guadalajara,0.84,10,0,0
5,OBLATOS,Guadalajara,0.79,13,4,2
6,REFORMA,Guadalajara,0.76,7,0,0
7,PROGRESO,Guadalajara,0.82,3,0,0
8,MIRADOR,Guadalajara,0.82,3,1,1
9,LAS HUERTAS,Guadalajara,0.82,3,1,1
10,SAN MARTIN,Guadalajara,0.94,9,0,0
11,SAN JUAN DE DIOS,Guadalajara,0.79,12,5,4
12,LA PENAL,Guadalajara,0.82,15,1,1
13,ALDAMA TETLAN,Guadalajara,0.98,30,1,0
14,CIRCUNVALACION OBLATOS,Guadalajara,0.83,7,2,0
15,CANTARRANAS,Guadalajara,0.86,3,1,0
16,POPULAR,Guadalajara,1.00,3,1,1
17,SAN RAFAEL,Guadalajara,0.88,11,4,2
18,TALPITA,Guadalajara,0.88,7,1,1
19,HUERTA BAEZA,Guadalajara,0.82,4,0,0
20,LA PERLA,Guadalajara,0.76,7,1,2
21,SAN JUAN BOSCO,Guadalajara,0.82,7,1,1
22,SAN ANTONIO,Guadalajara,0.86,24,3,1
23,MAGAA,Guadalajara,0.76,18,2,0
24,BLANCO Y CUELLAR,Guadalajara,0.89,15,4,3
25,HERNANDEZ ROMO,Guadalajara,0.78,4,0,0
26,SAN ANDRES,Guadalajara,0.83,19,3,1
27,REVOLUCION,Guadalajara,0.74,7,0,0
28,REAL,Guadalajara,0.78,3,1,0
29,REFORMA,Guadalajara,0.94,1,0,0
30,SAN JUAN DE DIOS II,Guadalajara,0.84,1,2,0
31,ANALCO,Guadalajara,0.80,3,1,1
32,OBRERA,Guadalajara,0.74,1,0,0
33,MODELO,Guadalajara,0.79,4,4,4
34,OLIMPICA,Guadalajara,0.69,5,1,1
35,LA LOMA,Guadalajara,0.75,6,2,0
36,MEDRANO,Guadalajara,0.78,2,0,0
37,BEATRIZ HERNANDEZ,Guadalajara,0.96,8,1,1
38,TETLAN II,Guadalajara,0.99,12,1,0
39,OBELISCOS,Guadalajara,1.08,3,0,0
40,JARDINES DE GUADALUPE,Guadalajara,0.90,5,2,1
41,INSURGENTES,Guadalajara,0.97,34,3,1
42,LOMAS DE SAN EUGENIO,Guadalajara,0.89,1,0,0
43,SAN EUGENIO,Guadalajara,0.86,3,0,0
44,SAN ISIDRO OBLATOS,Guadalajara,0.99,9,0,1
45,PARQUES DE SAN PEDRO,Guadalajara,0.79,2,1,1
46,EL ZALATE,Guadalajara,0.96,11,0,0
47,LA CAMPESINA,Guadalajara,1.08,3,3,2
48,EL ZALATE,Guadalajara,1.00,0,0,0
49,SAN JOAQUIN,Guadalajara,1.05,8,0,0
50,JARDINES DE LOS POETAS,Guadalajara,0.86,0,0,0
51,INSURGENTES DE LA PRESA,Guadalajara,1.01,6,0,0
52,DEL BARRO,Guadalajara,1.02,9,1,1
53,VISTAS DEL NILO,Guadalajara,1.00,1,0,0
54,LOS ARRAYANES,Guadalajara,0.87,1,0,0
55,MIGUEL HIDALGO,Guadalajara,0.72,7,1,0
56,CUAUHTEMOC,Guadalajara,0.96,21,2,1
57,PLUTARCO ELIAS CALLES,Guadalajara,0.94,1,0,0
58,SAN ISIDRO,Guadalajara,0.95,8,2,0
59,LIBERTAD,Guadalajara,0.87,10,3,3
60,PARQUES DEL NILO I,Guadalajara,0.80,1,0,0
61,SAN ANDRES,Guadalajara,0.91,0,0,0
62,PARQUES DEL NILO 2a SECCION,Guadalajara,0.82,1,0,0
63,VICENTE GUERRERO,Guadalajara,0.66,4,0,0
64,SANTA MA DE SILO,Guadalajara,0.82,5,0,0
65,AGUSTIN YAEZ (LA FLORIDA),Guadalajara,0.94,14,3,1
66,HORMIGUERO,Guadalajara,0.66,2,0,0
67,ELECTRICISTAS,Guadalajara,0.59,10,3,2
68,UNIVERSITARIA,Guadalajara,0.65,1,0,0
69,SUTAJ,Guadalajara,0.74,0,0,1
70,HERMOSA PROVINCIA,Guadalajara,1.01,1,1,0
71,LOMAS DEL PARADERO,Guadalajara,0.74,5,1,0
72,SANTOS DEGOLLADO,Guadalajara,0.75,0,0,0
73,LAGOS DE ORIENTE,Guadalajara,0.98,23,0,1
74,JARDINES DE SAN FRANCISCO,Guadalajara,0.93,6,1,1
75,BENITO JUAREZ,Guadalajara,0.94,6,2,0
76,TETLAN,Guadalajara,1.00,16,9,0
77,AARON JOAQUIN,Guadalajara,0.91,8,5,4
78,BALCONES DE OBLATOS,Guadalajara,1.01,31,3,1
79,JARDINES DE LA PAZ,San Pedro Tlaquepaque,0.67,0,0,0
80,PRADOS DEL NILO,Guadalajara,0.76,1,1,1
81,LOMA EL PEDREGAL,Zapopan,1.20,5,1,0
82,MESA COLORADA ORIENTE,Zapopan,1.27,34,5,4
83,MIRADOR ESCONDIDO,Zapopan,1.29,44,4,3
84,LA CORONILLA,Zapopan,1.19,30,8,7
85,VISTA HERMOSA,Zapopan,1.15,33,4,2
86,LA MESA COLORADA PONIENTE,Zapopan,1.21,128,35,23
87,CRUCERO DE LA MESA,Zapopan,1.14,19,3,0
88,MESA DE LOS OCOTES,Zapopan,1.29,113,49,11
89,VILLA DE GUADALUPE,Zapopan,1.17,146,32,11
90,LA HIGUERA,Zapopan,1.30,25,15,5
91,MIGUEL HIDALGO,Zapopan,1.22,24,6,1
92,LOMAS DEL REFUGIO,Zapopan,1.32,30,5,3
93,NUEVA ESPAA,Zapopan,1.26,9,0,0
94,INDIGENA DE MEZQUITAN,Zapopan,1.28,40,2,1
95,BENITO JUAREZ NORTE,Zapopan,1.22,20,7,3
96,LA JUNTA DE LOS OCOTES,Zapopan,1.29,14,1,0
97,AGUA FRIA,Zapopan,1.17,90,1,1
98,LOMAS DEL CENTINELA,Zapopan,1.33,79,49,25
99,CABAITAS,Zapopan,1.16,8,2,0
100,NUEVO VERGEL,Zapopan,1.23,28,5,4
101,SAN BERNARDO,Zapopan,0.72,0,0,0
102,LOMAS DE TABACHINES,Zapopan,1.10,44,2,8
103,EMILIANO ZAPATA,Zapopan,1.09,21,2,2
104,LOMAS DEL VERGEL,Zapopan,1.12,22,0,0
105,REAL SAN BERNARDO,Zapopan,0.54,0,0,0
106,LA MARTINICA,Zapopan,1.03,12,2,1
107,JARDINES DEL VERGEL,Zapopan,0.97,25,13,7
108,SAN WENCESLAO,Zapopan,0.60,0,0,0
109,JARDINES UNIVERSIDAD,Zapopan,0.59,3,0,0
110,LOMA REAL,Zapopan,0.60,1,0,0
111,HORIZONTES DE TLAQUEPAQUE,San Pedro Tlaquepaque,1.35,6,0,0
112,LA PATRIA UNIVERSIDAD,Zapopan,0.62,0,0,0
113,BALCONES DE LA CANTERA,Zapopan,1.10,26,5,1
114,ALAMEDAS DE TESISTAN,Zapopan,0.92,0,0,0
115,LOMAS DEL VALLE,Zapopan,0.57,1,0,0
116,JARDINES DE LOS BELENES,Zapopan,0.96,17,3,2
117,CANTEROS,Zapopan,1.07,2,0,0
118,LA EXPERIENCIA,Zapopan,0.85,2,1,1
119,MOLINO DEL SALVADOR,Zapopan,ND2020,ND2020,ND2020,ND2020
120,LOMAS ALTAS,Zapopan,0.60,9,0,0
121,HACIENDA DE LAS LOMAS,Zapopan,0.60,0,0,0
122,VIGUSA,Zapopan,0.85,0,0,0
123,JARDINES DE LA PATRIA,Zapopan,0.65,1,0,0
124,JUAN MANUEL VALLARTA,Zapopan,0.58,0,0,0
125,LOS PINOS,Zapopan,0.47,3,0,0
126,MEXICO,Zapopan,0.57,0,0,0
127,VILLAS DE SAN JAVIER,Zapopan,0.61,0,0,0
128,TATEPOSCO,Tonal,1.18,10,8,2
129,LOS PUESTOS,Tonal,1.12,14,4,1
130,BOSQUE ESCONDIDO,Zapopan,0.90,0,0,0
131,VICTOR HUGO,Zapopan,0.98,13,3,0
132,HOGARES DEL BATAN,Zapopan,0.86,6,1,0
133,LA LOMA,Zapopan,0.81,2,1,0
134,LOMAS DEL BATAN,Zapopan,0.88,6,1,0
135,EL BATAN,Zapopan,0.86,10,0,0
136,VILLAS ALCALDE,Zapopan,0.73,0,0,0
137,RITZ AUTOCINEMA,Zapopan,0.76,1,1,1
138,LA PALMITA,Zapopan,0.88,6,0,0
139,JARDINES VALLARTA,Zapopan,0.59,2,1,1
140,27 DE SEPTIEMBRE,Zapopan,0.95,2,1,0
141,PEDRO MORENO,Zapopan,0.95,3,0,0
142,COLINAS DE TABACHINES,Zapopan,1.00,9,1,0
143,JARDINES DE LA ESPERANZA,Zapopan,0.89,2,1,0
144,JARDINES DE TABACHINES,Zapopan,0.76,0,0,0
145,TABACHINES,Zapopan,0.72,23,9,7
146,VILLAS SAN IGNACIO,Zapopan,1.00,1,0,0
147,LA HUERTA,Zapopan,0.63,1,0,0
148,SANTA PAULA,Zapopan,0.94,3,3,0
149,VENUSTIANO CARRANZA,Zapopan,0.83,4,1,0
150,SANTA MARIA DEL PUEBLITO,Zapopan,0.98,7,0,0
151,LOMAS DE ATEMAJAC,Zapopan,0.61,9,0,0
152,CAMICHINES VALLARTA,Zapopan,0.55,1,0,0
153,EUCALIPTO VALLARTA,Zapopan,0.56,2,0,0
154,COLINAS DE ATEMAJAC,Zapopan,0.70,7,0,0
155,REAL VALLARTA,Zapopan,0.59,4,0,0
156,VALLARTA LA PATRIA,Zapopan,0.57,2,0,0
157,PRADOS VALLARTA,Zapopan,0.53,6,0,0
158,PRADOS GUADALUPE,Zapopan,0.58,1,0,0
159,ZOQUIPAN,Zapopan,0.77,3,0,0
160,CAMINO REAL,Zapopan,0.54,3,1,1
161,JARDINES SEATTLE,Zapopan,0.61,0,0,0
162,JARDINES DE LA SEATTLE,Zapopan,0.75,2,0,0
163,JARDINES DEL SAUZ,Guadalajara,0.71,2,0,0
164,LAS FLORES,Zapopan,0.60,0,0,0
165,JARDINES SEATTLE,Zapopan,0.78,0,0,0
166,SEATTLE,Zapopan,0.74,1,0,0
167,DON BOSCO VALLARTA,Zapopan,0.67,0,0,0
168,EL CAPULLO,Zapopan,0.62,4,2,2
169,VILLA GUERRERO,Guadalajara,0.97,17,1,1
170,TEPEYAC,Zapopan,0.79,5,3,1
171,LOS MAESTROS,Zapopan,0.71,3,1,0
172,LA AURORA,Zapopan,0.77,1,0,0
173,DEL SUR,Guadalajara,0.85,8,1,0
174,EL PARAISO,Zapopan,0.92,0,0,0
175,CONSTITUYENTES,Zapopan,0.85,4,0,0
176,GUSA,Zapopan,0.80,0,1,0
177,CONSTITUCION,Zapopan,0.87,36,8,3
178,VILLAS BELENES,Zapopan,0.67,0,0,0
179,INDUSTRIAL LOS BELENES,Zapopan,ND2020,ND2020,ND2020,ND2020
180,CERRO DEL CUATRO,San Pedro Tlaquepaque,1.16,34,3,1
181,COLINA DE LOS BELENES,Zapopan,0.97,4,1,1
182,SAN JOSE DEL BAJIO,Zapopan,0.67,1,1,3
183,GUADALUPE EJIDAL,San Pedro Tlaquepaque,0.91,9,0,1
184,TEPEYAC,San Pedro Tlaquepaque,1.16,2,0,0
185,LAURELES,Zapopan,0.74,4,0,0
186,ZAPOPAN CENTRO,Zapopan,0.80,2,1,1
187,BELENES NORTE,Zapopan,0.83,2,0,0
188,CORDILLERAS,Zapopan,0.69,1,0,0
189,ARCOS DE ZAPOPAN,Zapopan,0.88,8,2,2
190,LOMAS DE ZAPOPAN,Zapopan,0.78,4,0,0
191,COLINAS DEL REY,Zapopan,0.78,0,0,0
192,LAS PALMAS,Zapopan,1.03,3,0,0
193,LOMAS DE GUADALUPE,Zapopan,0.62,2,0,0
194,LOMAS DEL SEMINARIO,Zapopan,0.50,0,0,0
195,LA ESTANCIA,Zapopan,0.56,9,0,0
196,ALTAGRACIA,Zapopan,0.98,6,1,1
197,INDUSTRIAL ZAPOPAN NORTE,Zapopan,0.70,0,0,0
198,SAN FRANCISCO,Zapopan,0.66,0,0,0
199,LOMAS DEL COLLI,Zapopan,0.89,2,1,1
200,VOLCAN DEL COLLI,Zapopan,0.99,9,2,1
201,VALLE DE SAN ISIDRO,Zapopan,0.80,10,0,0
202,COLINAS EL CENTINELA,Zapopan,1.10,0,0,0
203,LOMA LINDA,Guadalajara,1.08,17,1,0
204,LA GLORIA DEL COLLI,Zapopan,0.98,18,5,5
205,BUENOS AIRES,San Pedro Tlaquepaque,1.10,66,14,4
206,ARCOS DE GUADALUPE,Zapopan,0.57,5,1,1
207,LA MEZQUITERA,San Pedro Tlaquepaque,1.10,5,0,0
208,JARDINES DE GUADALUPE,Zapopan,0.53,4,0,0
209,TEPEYAC,San Pedro Tlaquepaque,1.08,3,0,0
210,CHAPALITA ORIENTE,Zapopan,0.50,2,2,2
211,FRANCISCO I MADERO,San Pedro Tlaquepaque,1.28,72,38,5
212,HACIENDA DEL VALLE,Zapopan,0.90,3,0,0
213,MAGISTERIAL VALLE DE SAN ISIDRO,Zapopan,0.88,0,0,0
214,FRANCISCO I MADERO 2a SECCION,San Pedro Tlaquepaque,1.32,87,7,7
215,VILLAS MIRADOR,Zapopan,1.07,0,0,0
216,MIRADOR SAN ISIDRO,Zapopan,0.77,2,0,0
217,BOSQUES DEL CENTINELA,Zapopan,1.00,11,1,1
218,NUEVA SANTA MARIA,San Pedro Tlaquepaque,1.12,94,7,9
219,CIUDAD DE LOS NIOS,Zapopan,0.52,1,0,0
220,GUADALUPE,Zapopan,0.50,0,0,0
221,CIUDAD DE LOS NIOS,Zapopan,0.67,0,0,0
222,TEPEYAC CASINO,Zapopan,0.58,0,0,0
223,VILLAS TORREMOLINOS,Zapopan,0.84,1,0,0
224,DEL VALLE,Zapopan,0.50,0,0,0
225,EL CENTINELA,Zapopan,0.73,5,5,3
226,CHAPALITA DE OCCIDENTE,Zapopan,0.57,0,0,0
227,GUADALUPE JARDIN,Zapopan,0.52,2,0,0
228,CHAPALITA LAS FUENTES,Zapopan,0.64,0,0,0
229,ATLAS CHAPALITA,Zapopan,0.60,0,0,0
230,HUENTITAN EL BAJO,Guadalajara,0.92,45,7,4
231,PLAZA GUADALUPE,Zapopan,0.56,8,2,3
232,GUAYABITOS,San Pedro Tlaquepaque,1.26,74,10,9
233,JARDINES DE CHAPALITA,Zapopan,0.64,1,0,0
234,LOMAS DEL PARAISO III,Guadalajara,1.06,48,6,6
235,CHAPALITA INN,Zapopan,0.57,2,0,1
236,JARDINES DE SANTA MARIA,San Pedro Tlaquepaque,1.05,46,6,5
237,PARQUE GUADALUPE,Zapopan,0.63,2,0,0
238,LOS ROBLES,Zapopan,0.68,12,1,1
239,LAS CUMBRES,Zapopan,0.56,0,0,0
240,PLACITA DEL SOL,Zapopan,0.70,0,0,0
241,COLINAS DE LOS ROBLES,Zapopan,0.95,5,0,0
242,EL TIGRE,Zapopan,1.00,7,3,3
243,LA CASTILLA,Zapopan,0.67,1,0,0
244,LA FLORIDA,Zapopan,0.73,0,0,0
245,HOGARES DE NUEVO MEXICO,Zapopan,1.04,14,6,4
246,NUEVA GALICIA,Zapopan,0.70,1,0,0
247,HACIENDAS DE SAN JOSE,San Pedro Tlaquepaque,0.91,4,0,0
248,ALAMITOS,Zapopan,1.10,0,0,0
249,NUEVA GALICIA 2,Zapopan,0.65,0,0,0
250,BELLAVISTA,Zapopan,0.46,0,0,0
251,VISTA DEL PINAR,Zapopan,0.74,3,0,0
252,MARCELINO GARCIA BARRAGAN,Zapopan,1.28,14,5,3
253,LA PERIQUERA,Zapopan,1.07,11,3,4
254,COLLI SITIO,Zapopan,0.92,1,0,0
255,GUADALUPE SUR,Zapopan,0.60,0,0,0
256,LOMAS DEL PARAISO I,Guadalajara,1.03,21,2,1
257,LA CARIDAD,San Pedro Tlaquepaque,0.88,1,1,1
258,EL MIRADOR,San Pedro Tlaquepaque,1.02,5,0,0
259,EL JAGUEY,Guadalajara,1.06,23,2,1
260,ESPAA,San Pedro Tlaquepaque,0.99,3,0,0
261,HACIENDA DEL TEPEYAC,Zapopan,0.72,3,0,0
262,PARQUES TEPEYAC,Zapopan,0.72,2,0,0
263,DIVISION DEL NORTE,Guadalajara,0.95,15,1,1
264,MOCTEZUMA PTE,Zapopan,0.70,6,0,0
265,RICARDO FLORES MAGON,Guadalajara,0.80,1,0,0
266,MOCTEZUMA,Zapopan,0.91,3,0,0
267,PRIMAVERA NORTE,Zapopan,0.80,0,0,0
268,NUEVA PRIMAVERA,Zapopan,0.79,1,0,0
269,VILLAS DEL TEPEYAC,Zapopan,0.62,6,1,1
270,RANCHO NUEVO,Guadalajara,0.98,47,8,6
271,VILLA PUERTA DEL SOL,Zapopan,0.66,4,1,1
272,SANTA CATALINA,Zapopan,0.56,2,0,0
273,AUTOCINEMA,Guadalajara,0.65,5,1,1
274,EL ZAPOTE,Zapopan,0.93,2,0,0
275,PRADOS TEPEYAC,Zapopan,0.57,4,1,1
276,SANTA ELENA DE LA CRUZ,Guadalajara,0.93,14,2,4
277,CIUDAD DEL SOL,Zapopan,0.51,5,1,1
278,DEL SOL,Zapopan,0.50,0,0,0
279,COLON,Guadalajara,0.73,7,1,0
280,LOMAS DE INDEPENDENCIA,Guadalajara,0.68,17,0,0
281,JARDINES DEL SOL,Zapopan,0.54,5,0,0
282,LAS TORRES,Guadalajara,0.74,0,0,1
283,FOVISSSTE ESTADIO,Guadalajara,0.76,4,2,2
284,COMERCIAL ABASTOS,Guadalajara,0.90,2,2,2
285,DEL BOSQUE,Guadalajara,0.60,3,3,3
286,VERDE VALLE,Guadalajara,0.70,1,0,0
287,VICTORIA,Guadalajara,0.48,2,0,0
288,COLLI CTM,Zapopan,0.83,4,0,0
289,BOSQUES DE LA VICTORIA,Guadalajara,0.49,5,1,1
290,SANTA EDUWIGES,Guadalajara,0.78,2,1,1
291,INFONAVIT INDEPENDENCIA,Guadalajara,0.68,1,1,1
292,LA CRUZ,Guadalajara,0.69,0,0,0
293,JARDINES DEL SUR,Guadalajara,0.73,5,0,0
294,SAN ELIAS,Guadalajara,0.64,2,0,0
295,JARDINES DE SAN JOSE,Guadalajara,0.80,5,1,1
296,LOPEZ DE LEGASPI,Guadalajara,0.60,0,0,0
297,SANTA ELENA ESTADIO,Guadalajara,0.70,2,0,0
298,JARDINES DE LA CRUZ,Guadalajara,0.66,13,3,3
299,COLLI PRIMAVERA,Zapopan,0.73,4,1,1
300,SANTA ELENA ALCALDE,Guadalajara,0.69,10,1,0
301,JARDINES PLAZA DEL SOL,Guadalajara,0.59,0,0,0
332,SANTA MONICA,Guadalajara,0.68,0,0,0
333,FABRICA DE ATEMAJAC,Guadalajara,0.71,1,2,1
334,JARDINES DE LOS ARCOS,Guadalajara,0.51,1,1,1
335,VALLARTA PONIENTE,Guadalajara,0.52,0,0,0
336,VALLARTA SAN JORGE,Guadalajara,0.56,3,0,0
337,VALLARTA NORTE,Guadalajara,0.54,4,4,4
338,SANTA RITA,Guadalajara,0.51,0,0,0
339,JUAN MANUEL,Guadalajara,0.58,2,0,0
340,TERRANOVA,Guadalajara,0.43,0,0,0
341,CIRCUNVALACION VALLARTA,Guadalajara,0.53,1,1,1
342,JARDINES DEL COUNTRY,Guadalajara,0.60,39,2,2
343,EL COLLI URBANO,Zapopan,0.73,25,5,5
344,LADRON DE GUEVARA,Guadalajara,0.61,25,9,9
345,FIDEL VELAZQUEZ,Guadalajara,0.86,1,0,0
346,ARCOS VALLARTA,Guadalajara,0.53,9,6,6
347,ARCOS,Guadalajara,0.49,2,2,2
348,OBRERA,Guadalajara,0.53,4,4,4
349,PASEOS DEL SOL,Zapopan,0.61,13,0,0
350,LAS ALAMEDAS,Zapopan,0.65,1,0,0
351,LA GUADALUPANA,Guadalajara,0.77,13,5,2
352,UNIDAD CADETE FCO MARQUEZ,Zapopan,0.50,1,0,0
353,JARDINES DEL BOSQUE,Guadalajara,0.57,25,15,6
354,DEL FRESNO,Guadalajara,0.81,27,18,7
355,CHAPALITA SUR,Zapopan,0.54,4,0,0
356,MORELOS,Guadalajara,0.75,13,6,5
357,8 DE JULIO,Guadalajara,0.72,9,2,2
358,MODERNA,Guadalajara,0.63,32,14,14
359,LA CALMA,Zapopan,0.56,13,3,4
360,MEXICALTZINGO,Guadalajara,0.68,5,4,3
361,AMERICANA,Guadalajara,0.53,22,19,19
362,VILLASEOR (SANTA TERESITA),Guadalajara,0.72,27,3,3
363,LOMA BONITA,Zapopan,0.64,2,0,0
364,ARTESANOS (SAGRADA FAMILIA Y/O JESUS),Guadalajara,0.68,19,3,3
365,CENTRO BARRANQUITAS,Guadalajara,0.65,5,0,0
366,ZONA CENTRO,Guadalajara,0.60,61,44,42
367,JARDINES ALCALDE,Guadalajara,0.61,6,0,0
368,LA GIRALDA,Zapopan,0.53,4,1,1
369,VILLAS DE SAN JUAN,Guadalajara,0.80,1,1,1
370,LOMA BONITA,Zapopan,0.60,4,0,0
374,CHAPALITA,Guadalajara,0.51,2,2,2
375,LAGOS DEL COUNTRY,Guadalajara,0.56,1,0,0
423,INDEPENDENCIA,Guadalajara,0.68,19,2,2
424,LOMA BONITA SUR,Zapopan,0.61,3,0,0
425,LOMAS DE LA VICTORIA,San Pedro Tlaquepaque,0.68,0,0,0
426,LOMAS DE LA VICTORIA,Zapopan,0.70,0,0,0
427,SAN MIGUEL DE MEZQUITAN,Guadalajara,0.77,16,2,1
428,LA JOYA,Zapopan,0.57,3,0,0
429,NIOS HEROES,Guadalajara,0.70,3,1,1
430,LA CALMA,Zapopan,0.60,3,0,0
431,LAS AGUILAS,Zapopan,0.61,4,0,0
432,OBSERVATORIO,Guadalajara,0.75,1,0,0
434,MEZQUITAN,Guadalajara,0.77,15,2,2
435,LAS ARBOLEDAS,Zapopan,0.56,6,0,0
436,LAS FUENTES,Zapopan,0.61,10,0,0
437,CENTRO,Guadalajara,0.67,2,0,0
438,PIRAMIDES,Zapopan,0.82,3,0,0
439,MIRAFLORES,Guadalajara,0.72,0,0,0
440,COLINAS DE LA NORMAL,Guadalajara,0.62,2,0,0
441,GUSTAVO DIAZ ORDAZ,Zapopan,0.71,3,1,1
442,PINAR DE LA CALMA,Zapopan,0.65,5,0,0
443,ALCALDE BARRANQUITAS,Guadalajara,0.69,14,1,0
444,EL RETIRO,Guadalajara,0.81,17,6,4
445,COUNTRY CLUB,Guadalajara,0.52,4,3,3
446,LOMAS DEL COUNTRY,Guadalajara,0.61,9,0,0
447,PARQUES COLON,San Pedro Tlaquepaque,0.82,1,0,0
448,MEZQUITAN COUNTRY,Guadalajara,0.78,12,1,1
449,SAN BERNARDO,Guadalajara,0.67,2,0,0
450,BARRAGAN HERNANDEZ,Guadalajara,0.83,1,1,0
451,LAS CONCHAS,Guadalajara,0.87,6,3,3
452,SAN CARLOS,Guadalajara,0.74,3,2,1
453,LOS PERIODISTAS,Zapopan,0.90,0,0,0
454,JARDINES DE SAN IGNACIO,Zapopan,0.52,5,4,3
520,EL SAUZ,Guadalajara,0.88,3,1,1
590,MISION DE LA CANTERA,Tonal,1.10,11,0,0
597,CHAPULTEPEC COUNTRY,Guadalajara,0.59,6,0,0
598,AYUNTAMIENTO,Guadalajara,0.63,0,0,0
599,CIRCUNVALACION AMERICAS,Guadalajara,0.50,0,0,0
600,ITALIA PROVIDENCIA,Guadalajara,0.56,1,0,0
601,LOMAS DE GUEVARA,Guadalajara,0.53,5,4,4
602,PROVIDENCIA 2a SECCION,Guadalajara,0.46,2,0,0
603,COLOMOS PROVIDENCIA,Guadalajara,0.58,6,2,2
604,PROVIDENCIA 3a SECCION,Guadalajara,0.46,0,0,0
605,PROVIDENCIA,Guadalajara,0.47,0,0,0
606,COLINAS DE SAN JAVIER,Guadalajara,0.57,5,4,4
607,COLOMOS,Guadalajara,0.49,1,0,0
608,PROVIDENCIA 4a SECCION,Guadalajara,0.53,4,2,2
609,LOMAS DE PROVIDENCIA,Guadalajara,0.51,0,0,0
610,MIRADOR DEL TESORO,San Pedro Tlaquepaque,0.77,4,0,0
611,COLINAS DE LAS AGUILAS,Zapopan,0.59,12,0,0
612,LOMA BONITA EJIDAL,Zapopan,0.83,20,5,4
613,PRADOS PROVIDENCIA,Guadalajara,0.52,1,1,1
614,MONRAZ,Guadalajara,0.49,3,2,2
615,QUINTA VELARDE,Guadalajara,0.73,5,2,2
616,LA AURORA,Guadalajara,0.52,2,2,2
617,ATLAS,Guadalajara,0.75,20,4,1
618,BOSQUES DEL BOULEVARD,Guadalajara,0.73,1,0,1
619,JARDINES DEL ROSARIO,Guadalajara,0.75,4,1,1
629,EL ROSARIO,Guadalajara,0.72,3,2,2
630,FERROCARRIL,Guadalajara,0.97,52,6,24
631,SEVILLA,Zapopan,0.70,0,0,0
632,SIN NOMBRE,Zapopan,ND2020,ND2020,ND2020,ND2020
633,SIN NOMBRE,Zapopan,ND2020,1,1,1
634,RINCON DE LA AGUA AZUL,Guadalajara,1.00,1,1,1
635,VILLA UNIVERSITARIA,Zapopan,0.49,8,6,6
636,SIN NOMBRE,Zapopan,ND2020,ND2020,ND2020,ND2020
637,LOMAS DE SAN PEDRO,Guadalajara,0.82,0,2,0
638,VALLE DEL ALAMO,Guadalajara,0.61,0,0,0
639,COLORADO,Zapopan,1.33,21,8,5
640,EL DEAN,Guadalajara,0.82,1,3,1
641,HIGUERILLAS,Guadalajara,0.70,1,0,0
642,LA NOGALERA,Guadalajara,0.92,12,3,4
643,ATEMAJAC DEL VALLE,Zapopan,0.90,40,3,1
644,EL MANANTIAL,Guadalajara,0.69,3,2,2
645,JOSE CLEMENTE OROZCO,Guadalajara,0.76,0,0,0
646,COLON INDUSTRIAL,Guadalajara,0.68,5,1,2
647,18 DE MARZO,Guadalajara,0.78,10,2,2
648,ANEXO 18 DE MARZO,Guadalajara,0.90,2,0,0
649,VICTORIA,Zapopan,0.55,7,2,2
650,LOMAS DE POLANCO,Guadalajara,0.91,35,8,2
651,EL SAUZ,San Pedro Tlaquepaque,0.90,8,4,3
652,MIRAVALLE,Guadalajara,0.90,19,4,4
653,EL RASTRO,Guadalajara,0.80,1,0,0
654,CORRECCIONAL,Guadalajara,0.81,2,2,2
655,EL MANTE,San Pedro Tlaquepaque,1.10,0,0,0
656,VILLA HERMOSA,Guadalajara,0.88,3,1,0
657,COLINAS DE SAN JAVIER,Zapopan,0.57,3,0,0
658,ECHEVERRIA,Guadalajara,0.99,38,7,6
659,5 DE MAYO,Guadalajara,0.96,21,5,5
660,SANTA RITA,Zapopan,0.52,1,0,0
661,1 DE MAYO,Guadalajara,0.99,8,0,0
662,DR VALENTIN GOMEZ FARIAS,Guadalajara,1.08,10,1,1
663,FRANCISCO VILLA,Guadalajara,1.00,7,1,0
664,LOPEZ PORTILLO,Guadalajara,0.97,11,3,0
665,POLANCO,Guadalajara,0.98,11,1,2
666,POLANQUITO PONIENTE,Guadalajara,1.10,13,1,2
667,LOPEZ PORTILLO,Guadalajara,0.92,11,3,1
668,DR VALENTIN GOMEZ FARIAS,Guadalajara,1.00,13,3,1
669,EL CARMEN,Guadalajara,1.03,10,2,0
670,LAZARO CARDENAS,Guadalajara,1.06,25,1,0
671,BALCONES DEL CUATRO,Guadalajara,1.10,10,0,0
672,REVOLUCIONARIA,Guadalajara,0.99,2,0,0
673,LOMAS DEL PEDREGAL,Guadalajara,1.14,1,0,1
674,EMILIANO ZAPATA,Guadalajara,0.98,2,0,0
675,ARBOLEDAS SUR,Guadalajara,0.82,14,1,1
676,NUEVA ESPAA,Guadalajara,1.06,20,1,0
677,LOS COLORINES,Guadalajara,1.01,24,0,0
678,SAN CARLOS,Guadalajara,0.74,3,2,1
679,DEL PERIODISTA,Guadalajara,0.79,1,0,0
680,PANORAMICA DE HUENTITAN,Guadalajara,0.84,9,1,1
681,EL VERDE ( PLANETARIO),Guadalajara,0.87,3,3,3
682,LA JOYITA,Guadalajara,1.08,3,2,0
683,COLINAS DE HUENTITAN,Guadalajara,1.02,8,1,1
684,HUENTITAN EL ALTO,Guadalajara,0.93,26,8,2
685,SAN MIGUEL DE HUENTITAN,Guadalajara,0.92,23,7,6
686,LA JOYA,Guadalajara,0.83,3,1,0
687,MARGARITA MAZA DE JUAREZ,Guadalajara,0.72,4,0,0
688,POPULAR No 9,Guadalajara,0.83,0,0,0
689,SAN PATRICIO,Guadalajara,0.87,1,0,0
690,JARDINES DE SANTA ISABEL,Guadalajara,0.81,19,2,2
691,INFONAVIT ESTADIO,Guadalajara,0.93,0,0,0
692,LA ESPERANZA (LA FEDERACHA),Guadalajara,0.94,47,6,4
693,BELISARIO DOMINGUEZ,Guadalajara,0.85,31,1,1
694,SAN VICENTE,Guadalajara,0.84,5,1,0
695,MONUMENTAL,Guadalajara,0.65,10,2,2
696,CIRCUNVALACION BELISARIO,Guadalajara,0.84,9,1,1
697,SAN MARCOS,Guadalajara,0.90,20,2,2
698,SANTA ROSA,Guadalajara,0.97,17,1,0
699,VICENTE GUERRERO,Guadalajara,0.98,13,0,0
700,OBLATOS PTE,Guadalajara,0.93,7,1,3
701,GUADALAJARA ORIENTE,Guadalajara,0.80,6,2,2
702,SANTA CECILIA,Guadalajara,0.95,23,5,1
703,RIO VERDE,Guadalajara,0.86,5,2,0
704,TETLAN RIO VERDE,Guadalajara,0.96,1,1,1
705,LOMAS DE RIO VERDE,Guadalajara,0.97,8,1,0
706,JARDINES DE LA BARRANCA,Guadalajara,1.02,4,0,0
707,EL BETHEL,Guadalajara,1.15,16,3,0
708,VILLAS DE GUADALUPE,Guadalajara,1.13,12,1,0
709,HELIODORO HERNANDEZ LOZA,Guadalajara,1.07,39,2,2
710,SAN JOSE RIO VERDE,Guadalajara,1.12,10,1,1
711,LOMAS DE OBLATOS,Guadalajara,1.11,12,2,1
712,OBLATOS,Guadalajara,0.93,51,6,3
776,COLINAS DE LA CRUZ,Tonal,0.97,14,0,0
779,BALCONES DE SANTA CRUZ,Tonal,1.18,1,1,0
783,LA QUINTA CATALINA,Tonal,1.07,4,1,0
785,LARGUERO,Tonal,1.50,4,1,1
888,LOS MANGUITOS,Tonal,1.10,16,6,3
890,LA PILA,Tonal,1.19,15,1,0
891,LOMAS DEL MANANTIAL,Tonal,1.15,21,4,2
892,ZALATITAN CENTRO,Tonal,1.08,23,6,1
896,ALTAMIRA,Tonal,1.10,25,4,3
904,LOMA BONITA I,Tonal,1.05,10,2,4
907,LOMA BONITA II,Tonal,1.12,10,2,1
911,LAS TORRES,Tonal,1.14,13,5,2
915,ARROYO SECO,Tonal,1.16,23,3,3
918,LA LADRILLERA,Tonal,1.55,30,18,9
919,EL PEDREGAL,Tonal,1.10,1,0,0
922,MIRADOR DEL SOL,Tonal,0.97,2,0,0
925,PASEOS DE LA CAADA,Tonal,0.91,3,1,0
926,MONARCA,Zapopan,ND2020,ND2020,ND2020,ND2020
927,RUBEN JARAMILLO,Tonal,ND2020,ND2020,ND2020,ND2020
928,VILLAS SAN IGNACIO,Zapopan,1.05,1,0,0
929,LA FORJA,Tonal,0.80,0,0,0
935,VILLAS DE SANTA LUCIA,Zapopan,1.24,1,0,0
936,LOS ALAMOS,Zapopan,1.40,0,0,0
937,EL ALAMO,Zapopan,1.27,2,1,0
939,PRADERAS DE TESISTAN,Zapopan,0.97,0,0,0
941,VILLAS DEL PALMAR,Zapopan,0.70,1,0,0
942,SANTA FE,Zapopan,0.80,0,0,0
943,RESIDENCIAL CHAPALITA,Zapopan,ND2020,ND2020,ND2020,ND2020
946,BRISAS DE LA PRIMAVERA,Zapopan,1.19,48,2,4
948,SANTA ISABEL,Tonal,1.17,10,7,2
949,SANTA ISABEL,Tonal,1.15,1,1,0
950,HACIENDA REAL,Tonal,0.94,31,11,6
951,PUEBLITO DEL SOL,Tonal,1.00,3,0,0
977,LINDAVISTA,Zapopan,0.74,2,0,0
978,REPUBLICA,Zapopan,0.67,19,1,1
979,CENTRO,Zapopan,0.72,21,6,6
980,LOMA BLANCA,Zapopan,0.60,0,0,0
981,SAN MIGUEL DE LA COLINA,Zapopan,0.60,0,0,0
982,AGRARIA,Zapopan,0.58,2,1,1
983,JACARANDAS,Zapopan,0.50,0,0,0
984,ALTAMIRA,Zapopan,0.60,3,1,1
990,BASILIO VADILLO,Tonal,1.09,52,12,3
991,POTRERO DE SAN FRANCISCO,Tonal,1.16,6,2,0
992,LAS PALOMAS,Tonal,1.17,5,2,1
993,PINAR DE LAS PALOMAS I,Tonal,1.25,2,0,0
994,PINAR DE LAS PALOMAS,Tonal,1.12,13,4,3
995,ARCOS DE ZALATITAN II,Tonal,1.15,8,0,0
996,CONSTANCIO HDEZ ALVIRDE,Tonal,1.14,3,1,0
999,ARCOS DE ZALATITAN,Tonal,1.10,6,2,1
1002,LA HORTALIZA,Tonal,1.04,1,0,0
1006,LA HUERTA,Tonal,1.16,9,1,0
1008,JARDINES DEL ROSARIO,Tonal,1.00,0,0,0
1011,LA LADRILLERA,Tonal,1.18,5,0,0
1012,20 DE NOVIEMBRE,Tonal,1.10,13,2,2
1013,LOMA BONITA,Tonal,1.14,26,5,2
1014,EL ROSARITO,Tonal,1.25,1,0,0
1015,BOSQUES DE TONALA,Tonal,1.07,17,1,0
1016,LAS HUERTAS,Tonal,1.09,4,0,0
1017,VALLE DE LOS LEONES,Tonal,1.10,0,0,0
1036,DEL PARQUE,Zapopan,0.66,6,0,0
1104,JALISCO II SECC,Tonal,1.16,58,4,2
1105,JALISCO I SECC,Tonal,1.16,29,4,0
1106,JALISCO III SECC,Tonal,1.19,14,1,1
1107,LOMAS DEL LAUREL I,Tonal,1.13,27,3,2
1108,EL MOLINO,Tonal,1.12,2,0,0
1109,LOMAS DEL LAUREL II,Tonal,1.38,4,0,0
1110,ALAMEDA,Tonal,1.19,13,1,0
1111,EL CARACOL,Tonal,1.30,0,0,0
1112,LOS CAMICHINES I,Tonal,1.10,8,1,0
1113,LOS CAMICHINES II,Tonal,1.05,2,0,0
1114,CAMICHINES III,Tonal,1.09,2,0,1
1116,VILLAS DEL BOSQUE,Tonal,1.10,9,16,2
1121,FRANCISCO VILLA,Tonal,1.40,1,0,0
1122,LA NORIA,Tonal,1.20,8,3,2
1123,LOS TULIPANES,Tonal,1.17,21,2,3
1143,CONCHITAS,Tonal,1.15,5,0,0
1144,EL AMIAL,Tonal,ND2020,ND2020,ND2020,ND2020
1157,ARBOLEDAS DE SAN GASPAR,Tonal,1.18,21,1,0
1164,HUERTAS DE SAN GASPAR,Tonal,1.15,18,4,1
1205,EDUCADORES JALISCIENSES,Tonal,0.97,6,2,2
1206,BALCONES DEL ROSARIO,Tonal,1.19,7,2,0
1207,PUESTA DEL SOL,Tonal,1.21,7,0,1
1208,COYULA,Tonal,1.29,86,28,23
1209,JARDINES DE LA CRUZ ORIENTE,Tonal,1.10,16,4,2
1210,EL ROSARIO,Tonal,1.21,35,2,0
1211,BALCONES DEL ROSARITO,Tonal,1.15,18,2,1
1212,LOMAS DE LA SOLEDAD,Tonal,1.12,36,4,4
1213,VILLAS DEL ORIENTE II,Tonal,1.08,4,0,0
1214,FLORES MAGON,Tonal,1.06,0,0,0
1215,INFONAVIT TONALA (RIO NILO),Tonal,1.04,1,2,1
1216,LOMAS DEL CAMICHIN I,Tonal,0.91,3,0,0
1217,LOMAS DEL CAMICHIN,Tonal,0.99,15,3,5
1237,LOMA DORADA (EJIDAL),Tonal,0.94,3,0,0
1249,LOMA DORADA DELEGACION B,Tonal,0.93,10,1,1
1253,LOMAS DEL MANANTIAL,Tonal,1.10,7,1,1
1254,LOMA DORADA DELEGACION A,Tonal,0.80,10,0,0
1255,SANTA CRUZ DE LAS HUERTAS,Tonal,1.13,43,4,0
1256,FRANCISCO VILLA,Tonal,0.93,12,1,1
1257,LOMA DORADA DELEGACION D,Tonal,0.93,2,0,0
1258,LOMA DORADA DELEGACION C,Tonal,0.99,13,2,2
1259,PACHAGUILLO,Tonal,1.16,8,0,0
1260,EL ZAPOTE,Tonal,1.14,14,3,2
1261,TONALTECAS I,Tonal,1.08,3,0,0
1262,TONALTECAS II,Tonal,0.97,3,0,0
1263,BALCONES DEL SOL,Tonal,1.37,3,1,1
1264,SAN ELIAS,Tonal,0.84,0,0,0
1265,HIDALGO,Tonal,0.86,1,0,0
1266,LOMAS DE TONALA,Tonal,0.98,2,3,2
1267,LA SILLITA,Tonal,1.19,14,15,1
1268,DEL SUR,Tonal,1.18,18,4,0
1269,RICARDO FLORES MAGON,Tonal,1.15,2,1,0
1270,EL MIRADOR,Tonal,1.16,24,1,1
1271,EL RECODO,Tonal,1.30,7,1,1
1272,PRADERAS DEL SOL,Tonal,1.04,2,1,1
1273,XICOXOCHITL,Tonal,1.08,7,0,1
1274,COMOLEA,Tonal,1.05,11,0,0
1275,JARDINES DE TONALA,Tonal,1.14,3,0,0
1276,ALTAMIRA,Tonal,1.07,0,0,0
1277,COLINAS DE SAN CARLOS,Tonal,1.14,5,0,0
1278,CIHUALPILLI,Tonal,1.16,5,1,1
1279,FIDEL VELAZQUEZ,Tonal,1.37,1,0,0
1280,MIRADOR DE LA REINA,Tonal,1.16,8,0,1
1281,LA ALBERCA,Tonal,0.90,3,2,2
1282,TONALA CENTRO,Tonal,1.01,81,13,5
1283,LA GIGANTERA,Tonal,1.10,5,10,2
1284,SANTA ROSA,Tonal,1.28,102,37,10
1285,BARRIOS UNIDOS INTERCOLONIAS,San Pedro Tlaquepaque,1.25,27,7,1
1286,SANTA ISABEL II,Tonal,1.27,38,13,3
1287,SANTA PAULA,Tonal,1.21,142,63,13
1288,EL SAUZ,San Pedro Tlaquepaque,1.57,35,14,10
1290,SANTA FE,Zapopan,0.85,6,1,1
1291,VILLA MAGNA,Zapopan,0.80,1,0,0
1292,VILLA CORAL,Zapopan,0.65,0,0,0
1293,ATLAS COLOMOS,Zapopan,0.56,2,0,0
1294,EL PRADO,Zapopan,0.45,0,0,0
1295,GUADALAJARITA,Zapopan,0.68,3,2,2
1296,LOMAS DEL BOSQUE,Zapopan,0.45,0,0,0
1297,FOVISSSTE (ESTATUTO JURIDICO),Zapopan,0.77,3,1,1
1298,ARBOLEDA,Zapopan,0.89,1,1,1
1299,SAN JOSE DEL BAJIO,Zapopan,1.06,23,0,0
1300,EL VIGIA,Zapopan,0.89,5,2,1
1301,SAN ISIDRO EJIDAL,Zapopan,0.92,27,1,0
1302,SAN FRANCISCO,Zapopan,1.02,9,1,0
1303,UAG,Zapopan,0.83,1,0,0
1304,SANTA MARGARITA,Zapopan,0.99,35,1,0
1305,LA TUZANIA,Zapopan,0.81,22,1,1
1306,PARQUES DE ZAPOPAN,Zapopan,0.91,8,1,1
1307,JARDINES DEL VALLE,Zapopan,0.91,27,2,2
1308,LA TUZANIA EJIDAL,Zapopan,0.93,1,0,0
1309,SANTA MARGARITA RESIDENCIAL,Zapopan,0.88,11,1,1
1310,LAS BOVEDAS,Zapopan,1.04,7,0,0
1311,LA MORA,Zapopan,0.96,3,2,0
1312,LOS GIRASOLES,Zapopan,0.88,7,3,0
1313,EL RINCON SECRETO,Zapopan,ND2020,ND2020,ND2020,ND2020
1314,PARQUE REAL,Zapopan,0.99,2,0,0
1315,JARDIN REAL,Zapopan,0.63,17,3,2
1316,VALLE REAL,Zapopan,0.59,42,2,2
1317,JOCOTAN,Zapopan,0.90,6,1,1
1318,LOMAS UNIVERSIDAD,Zapopan,0.66,4,0,0
1319,VILLAS VALLARTA,Zapopan,0.70,1,1,1
1320,PASEOS UNIVERSIDAD,Zapopan,0.73,3,1,0
1321,VALLARTA UNIVERSIDAD,Zapopan,0.56,1,0,0
1322,CALLEJON DEL PARQUE,Zapopan,0.58,0,0,0
1323,PARQUE REGENCY,Zapopan,0.55,1,0,0
1324,PARQUE DE LA CASTELLANA,Zapopan,0.48,1,0,0
1325,PUESTA DEL SOL,Zapopan,0.50,1,0,0
1326,VIRREYES,Zapopan,0.55,0,0,0
1327,PARAISOS DEL COLLI,Zapopan,1.04,67,6,5
1328,BALCONES DEL SOL,Zapopan,1.15,27,0,1
1329,12 DE DICIEMBRE,Zapopan,1.30,36,2,3
1330,EL REHILETE,Zapopan,1.19,15,1,1
1331,MIRAMAR,Zapopan,1.10,129,10,5
1333,CARLOS RIVERA ACEVES,Zapopan,1.32,52,4,1
1335,JARDINES TAPATIOS,Zapopan,1.15,27,0,10
1337,LOMAS DE LA PRIMAVERA,Zapopan,1.34,267,55,65
1350,LA FLORESTA DEL COLLI,Zapopan,1.20,17,1,1
1352,EL BRISEO,Zapopan,1.04,24,2,3
1354,JARDINES DEL IXTEPETE,Zapopan,1.07,0,0,0
1355,INFONAVIT EL GARABATO,Zapopan,1.03,4,0,0
1357,AGRICOLA,Zapopan,1.04,33,20,2
1358,PASEOS DEL BRISEO,Zapopan,0.99,10,2,1
1398,AGUA BLANCA POBLADO,Zapopan,1.14,9,5,3
1399,AGUA BLANCA SUR,Zapopan,0.98,5,5,5
1400,AGUA BLANCA INDUSTRIAL,Zapopan,1.13,14,7,3
1401,LA FLORIDA,Zapopan,1.32,20,1,0
1402,MIGUEL DE LA MADRID,Zapopan,0.94,2,2,2
1403,FRANCISCO SARABIA,Zapopan,0.91,9,1,1
1482,TORRES ESPAA,Guadalajara,1.02,0,0,0
1483,DE LA AZALEA,Zapopan,0.85,0,1,0
1484,LA NORMAL,Guadalajara,0.60,0,0,0
1485,VALLARTA,Guadalajara,0.61,7,2,2
1486,LAS PALMAS,Zapopan,0.60,1,0,0
1524,SANTA ROSA DEL VALLE,El Salto,1.20,62,27,6
1528,PACIFICO,El Salto,1.10,27,3,7
1530,LA CAPILLA,El Salto,0.95,4,10,1
1534,EL CARMEN,El Salto,1.10,35,20,5
1542,CLUB DE GOLF ATLAS,El Salto,0.61,1,1,1
1543,FELIPE ANGELES,El Salto,1.20,15,5,4
1561,ARROYO DE ENMEDIO,Tonal,1.48,7,1,2
1562,LAS PUERTAS,Tonal,1.32,19,9,4
1700,SIN NOMBRE,Zapopan,0.83,5,1,1
1704,VILLAS DEL IXTEPETE,Zapopan,0.80,0,0,0
1845,TATEPOSCO,Zapopan,1.60,0,0,0
1848,SAN ESTEBAN,Zapopan,1.52,3,2,1
1851,SAN ISIDRO,Zapopan,ND2020,ND2020,ND2020,ND2020
1852,BOSQUES DE SAN ISIDRO (LAS CAADAS),Zapopan,0.59,5,1,1
1853,COPALA,Zapopan,ND2020,ND2020,ND2020,ND2020
1854,IXCATAN,Zapopan,ND2020,ND2020,ND2020,ND2020
1855,COPALITA,Zapopan,ND2020,ND2020,ND2020,ND2020
1932,BALCONES Y/O PRADOS DE HUENTITAN,Guadalajara,0.97,0,0,0
1933,MISION DEL BOSQUE,Zapopan,0.87,6,0,0
1934,ZAPOPAN,Zapopan,0.80,1,2,1
1935,CANTERA MORADA,Zapopan,0.97,4,0,1
1940,ZAPOPAN,Zapopan,ND2020,ND2020,ND2020,ND2020
1942,PASEOS DEL CAMICHIN,Zapopan,0.82,0,0,0
1968,LA VENTA DEL ASTILLERO,Zapopan,0.95,17,18,11
1970,LAS AGUJAS,Zapopan,1.26,6,1,0
1971,PRADOS DE NEXTIPAC 1a SECCION,Zapopan,1.41,10,1,3
1972,ROBERTO OROZCO,Zapopan,1.25,3,1,0
1973,LA JOYITA,Zapopan,1.17,0,0,0
1984,COLIMILLA,Zapotlanejo,ND2020,ND2020,ND2020,ND2020
1994,NUEVO ISRAEL,Tonal,ND2020,ND2020,ND2020,ND2020
1996,POTRERO SAN JOSE,Tonal,1.27,10,6,4
1997,SIN NOMBRE,Tonal,1.30,1,0,0
1999,TONALA,Tonal,ND2020,ND2020,ND2020,ND2020
2003,TONALA,Tonal,ND2020,ND2020,ND2020,ND2020
2004,TONALA,Tonal,ND2020,ND2020,ND2020,ND2020
2007,JARDINES DE NUEVO MEXICO,Zapopan,1.08,87,6,3
2008,PRADERAS DE SAN ANTONIO,Zapopan,1.07,9,1,0
2009,HEROES NACIONALES,Zapopan,1.18,3,0,0
2010,EL TRIANGULO,Zapopan,1.00,1,0,0
2011,CERRO DEL TESORO,Zapopan,0.70,1,0,0
2012,LOMA BONITA EJIDAL,San Pedro Tlaquepaque,0.93,13,0,0
2013,AGUA BLANCA INDUSTRIAL,San Pedro Tlaquepaque,0.90,0,0,0
2014,NUEVA SANTA MARIA,Guadalajara,1.10,9,1,0
2015,TINAJITAS,Tonal,1.18,7,1,1
2016,MIRAVALLE,San Pedro Tlaquepaque,0.95,6,0,0
2017,LAGOS DEL COUNTRY,Zapopan,0.62,5,0,0
2023,LOS PINOS,Zapopan,0.72,1,1,1
2024,AZALEAS,Zapopan,0.55,0,0,0
2025,EL ROCIO,Guadalajara,1.02,0,0,0
2029,VILLAS DE TESISTAN,Zapopan,0.98,1,0,0
2035,TESISTAN,Zapopan,1.01,66,11,2
2040,RANCHO CONTENTO,Zapopan,ND2020,ND2020,ND2020,ND2020
2044,ALAMO INDUSTRIAL,Guadalajara,0.91,0,0,0
2048,LA LOMA,Tonal,0.97,0,0,0
2050,JARDINES DE LA REINA,Tonal,1.12,1,0,0
2054,GUADALUPE INN,Zapopan,0.59,4,0,0
2055,DEL PARQUE,Zapopan,0.60,11,0,0
2064,LOMAS DE AZTLAN,Tonal,1.00,0,0,0
2065,VILLAS DE ZALATITAN,Tonal,1.20,0,0,0
2067,DEL HUERTO,Tonal,0.93,6,0,0
2068,MISION SAN FRANCISCO I,Tonal,1.27,0,0,0
2075,AGUA ESCONDIDA,Tonal,1.42,64,4,2
2081,OSORIO COMUNAL,Tonal,1.50,3,2,3
2082,LOMA DE LOS PAJAROS,Tonal,0.98,6,7,1
2086,FLAMINGO,Guadalajara,0.93,1,0,0
2088,BALCONES DE LA JOYA,Guadalajara,0.88,0,0,0
2090,TESISTAN,Zapopan,1.10,0,1,0
2091,BRISAS DEL NILO,Guadalajara,1.04,0,0,0
2094,PARQUE SERENO,Zapopan,0.67,0,0,0
2095,MINERALES,El Salto,1.24,34,69,12
2099,LOS ANGELES,Zapopan,1.45,33,12,5
2100,PARQUES DE TESISTAN,Zapopan,0.91,8,1,1
2101,HACIENDAS DE ZAPOPAN,Zapopan,1.10,0,0,0
2105,BUENOS AIRES,Tonal,1.10,4,0,0
2106,EL PANORAMICO II,Tonal,1.43,2,1,1
2107,EL PANORAMICO I,Tonal,1.28,0,0,0
2108,VALLE DEL SOL,Tonal,1.00,0,0,0
2109,LA GUADALUPANA,Tonal,1.32,4,3,3
2110,RESIDENCIAL DE LA BARRANCA,Guadalajara,0.82,1,0,0
2113,LOS PINOS,Tonal,0.96,2,0,0
2116,VILLAS PERISUR,Zapopan,0.85,2,0,0
2118,LA PROVIDENCIA,Tonal,0.83,10,5,5
2120,VILLAS DE LA LOMA,Zapopan,0.76,3,0,0
2137,VIVEROS DEL VALLE,Zapopan,0.75,0,0,0
2139,PLUTARCO ELIAS CALLES,Guadalajara,1.13,1,1,1
2140,NUEVA ESPAA,San Pedro Tlaquepaque,1.40,0,0,0
2141,EL MANTE,Zapopan,1.00,26,7,4
2144,VALLE BALCONES DE SANTA MARIA,San Pedro Tlaquepaque,0.83,0,0,0
2148,ARROYO LAS FLORES,San Pedro Tlaquepaque,1.14,76,4,2
2152,FUENTES DEL NILO,Tonal,0.90,1,0,0
2153,ZALATITAN (EL AHUACATE),Tonal,1.13,0,0,0
2154,ROSARIO,Tonal,1.10,1,0,0
2155,LAS AGUILAS,Tonal,1.07,1,0,0
2156,DEL MEZQUITE,Tonal,1.05,0,0,0
2157,PUERTA DEL ROSARIO,Tonal,1.18,1,0,0
2158,BARRIO NUEVO,Tonal,1.06,1,0,0
2159,LOS CIPRECES,Tonal,ND2020,ND2020,ND2020,ND2020
2160,ALPINOS,Tonal,1.15,4,0,0
2162,MISION SAN FRANCISCO II,Tonal,1.10,2,1,0
2164,EL MANANTIAL,Tonal,1.00,0,0,0
2165,EL REMOLINO,Tonal,1.00,0,0,0
2170,PASEOS DE SANTIAGO,Tonal,0.81,6,6,6
2175,BUENAVISTA I,Tonal,0.80,0,0,0
2178,VILLAS DE NUEVO MEXICO,Zapopan,0.91,3,1,0
2180,DE LOS NARANJOS,Tonal,ND2020,ND2020,ND2020,ND2020
2182,PRIVADAS DE LA REYNA,Tonal,1.09,0,0,0
2183,EL CERRITO DE LA REYNA,Tonal,1.17,0,0,0
2188,MISION SAN FRANCISCO III,Tonal,1.10,0,0,0
2189,VILLAS DEL BOSQUE,San Pedro Tlaquepaque,1.10,1,0,0
2190,ZAPOPAN,Zapopan,ND2020,ND2020,ND2020,ND2020
2191,PUERTA DEL LLANO,Zapopan,ND2020,ND2020,ND2020,ND2020
2192,LOMAS DE SAN GONZALO,Zapopan,0.84,1,0,0
2194,AMPLIACION SANTA LUCIA,Zapopan,1.37,33,10,6
2195,PARQUES DEL CENTINELA,Zapopan,0.66,1,0,0
2196,SAN ISIDRO RESIDENCIAL,Zapopan,0.75,0,0,0
2197,REAL DEL BOSQUE,Zapopan,0.78,0,0,0
2198,LAS GAMBOAS,Tonal,1.56,16,2,2
2199,LA HACIENDITA,Zapopan,0.97,18,0,0
2202,VISTA HERMOSA (LA PUNTA),Tonal,1.15,1,0,0
2203,MIRADOR ORIENTE,Tonal,1.36,8,0,0
2204,LA CALMA,Tonal,1.04,6,6,5
2205,PINAR DE LA VENTA,Zapopan,ND2020,ND2020,ND2020,ND2020
2206,LA NORIA,Zapopan,1.51,35,6,5
2226,LOS POCITOS,Tonal,1.00,0,0,0
2227,PUERTA DE PLATA,Zapopan,0.59,0,0,0
2228,HACIENDA DEL SOL,Zapopan,0.74,0,0,0
2229,REAL DE VALDEPEAS,Zapopan,0.75,3,0,0
2230,REAL DEL CAMICHIN 8469,Zapopan,0.80,0,0,0
2231,JARDINES DEL CAMICHIN 125,Zapopan,0.78,0,0,0
2232,HACIENDA DEL CAMICHIN 8470,Zapopan,0.75,1,0,0
2233,PUNTA VALDEPEAS 1,Zapopan,0.80,0,0,0
2234,URBIQUINTA MONTECARLO,Tonal,0.86,13,2,2
2235,URBIVILLA DEL RIO,Tonal,1.01,12,9,9
2236,EL LIMON,Tonal,ND2020,ND2020,ND2020,ND2020
2237,LEYES DE REFORMA,Tonal,1.18,1,1,0
2239,DE LA PRESA,Tonal,0.95,1,0,0
2243,LORETO,San Pedro Tlaquepaque,0.79,3,0,0
2247,LA HUERTA,San Pedro Tlaquepaque,0.85,1,0,0
2248,BUGAMBILIAS COUNTRY,Zapopan,0.68,1,0,0
2249,DEL BOSQUE,Zapopan,0.50,0,0,0
2250,VILLAS ESMERALDA,Zapopan,0.63,0,0,0
2251,CRISTAL,Zapopan,0.60,1,0,0
2252,DEL IRIS,Zapopan,0.83,0,0,0
2253,LA JOYA,Zapopan,0.69,1,0,0
2254,PARAISO LOS PINOS,Zapopan,0.70,1,1,1
2255,COTO DEL REY,Zapopan,0.89,4,1,1
2256,VALLARTA,Zapopan,0.73,0,0,0
2257,LA LOMA,Zapopan,ND2020,ND2020,ND2020,ND2020
2260,VALLE DE LA REYNA,Tonal,1.00,0,0,0
2261,CRUZ DE LA LOMA,Tonal,1.30,1,1,0
2263,SAN MATEO,Tonal,0.95,0,0,0
2264,LA CUCHARA,Tonal,1.13,0,0,0
2267,PINARES DEL VERGEL,San Pedro Tlaquepaque,0.90,0,0,0
2268,TERRALTA,San Pedro Tlaquepaque,0.82,3,0,0
2269,EL BOSQUE,Zapopan,0.79,1,0,0
2270,QUINTAS DE LA SOBERANA,Zapopan,0.78,3,0,0
2271,FLORES DEL VALLE,Zapopan,0.72,0,0,0
2272,RINCONADAS DEL AIRE,Zapopan,0.74,1,0,0
2273,LA CAADA,Zapopan,0.90,1,0,1
2274,EL OLIVO,Zapopan,0.75,2,0,0
2275,MISION DEL VALLE II,Zapopan,0.80,0,0,0
2279,VALLES DE NUEVO MEXICO,Zapopan,0.88,2,0,0
2280,VILLAS DEL VALLE,Zapopan,ND2020,ND2020,ND2020,ND2020
2281,JUAN GIL PRECIADO,Zapopan,1.08,2,4,0
2282,COTO MIRAFLORES,Zapopan,0.90,0,0,0
2283,MIRADOR DEL REY,Tonal,ND2020,ND2020,ND2020,ND2020
2284,TERCER MILENIO,Zapopan,0.70,1,0,0
2285,LOS ROBLES,Zapopan,ND2020,ND2020,ND2020,ND2020
2286,LOS PINOS,Zapopan,ND2020,ND2020,ND2020,ND2020
2287,HACIENDA LAS PALOMAS,Zapopan,0.95,1,0,0
2296,LOPEZ COTILLA,Tonal,1.20,0,0,0
2297,LOS NARANJOS,Tonal,ND2020,ND2020,ND2020,ND2020
2298,PRADO ARBOLEDAS,Tonal,1.13,1,0,0
2299,LAZARO CARDENAS (BARRANQUITAS),Tonal,1.43,3,0,0
2300,LA COFRADIA,Tonal,1.20,23,5,4
2301,OLIVOS RESIDENCIAL,Zapopan,0.66,2,0,0
2302,CLUB HIPICO INTERNACIONAL,Zapopan,0.60,1,1,1
2303,VALLE ESMERALDA,Zapopan,0.68,0,0,0
2309,COTO  TONALA,Tonal,ND2020,ND2020,ND2020,ND2020
2310,VISTAS DE TESISTAN,Zapopan,1.22,3,0,0
2431,PORTALES DE SANTA ANA,Zapopan,0.80,0,0,0
2433,BELLAVISTA,Tonal,0.92,1,1,1
2436,LOMAS DEL PARAISO II,Guadalajara,1.01,28,2,1
2437,COLINAS RESIDENCIAL,Guadalajara,0.70,0,0,0
2438,ESTRADA,Zapopan,1.06,2,1,1
2443,LOS GIRASOLES,Tonal,1.02,2,0,0
2444,QUINTAS DEL PARAISO,Tonal,1.01,0,0,0
2446,LA GLORIA,Zapopan,0.88,2,1,1
2447,COLLI,Zapopan,1.00,0,0,0
2448,HACIENDA SAN ANTONIO,Zapopan,0.60,5,0,0
2449,COTO SAN ANTONIO,Zapopan,ND2020,ND2020,ND2020,ND2020
2450,COTO CASA BLANCA,Zapopan,0.88,2,0,0
2466,SAN JOSE,Tonal,1.29,12,3,2
2467,HACIENDAS GUADALUPE,Zapopan,0.53,0,0,0
2468,PUERTA DEL ROSARIO,Tonal,1.25,0,0,0
2479,LOS LIMONES,Tonal,1.10,3,0,0
2485,DEMETRIO VALLEJO,Tonal,1.34,3,2,1
2486,RDCIAL DELICIAS,San Pedro Tlaquepaque,0.65,0,0,0
2487,JOYAS DEL NILO,Guadalajara,0.76,4,4,3
2488,PUERTA DEL VALLE,Zapopan,0.57,0,0,0
2489,QUINTAS DEL VALLE,Zapopan,0.78,1,0,0
2490,COLEGIO DEL AIRE,Zapopan,0.86,6,1,1
2491,MISION DEL VALLE,Zapopan,0.79,1,0,0
2503,BOSQUES DEL SOL,Tonal,ND2020,ND2020,ND2020,ND2020
2504,DE LOS PINOS,Zapopan,0.78,0,0,0
2505,JARDINES DE LOS PINOS,Zapopan,0.70,1,0,0
2506,LOS MANZANOS,Zapopan,0.80,2,3,2
2507,LOMA BONITA,El Salto,1.21,23,7,4
2509,LOS TELARES,Zapopan,1.14,0,1,0
2510,PUERTA DEL ROBLE,Zapopan,0.66,0,0,0
2511,ZOTOGRANDE,Zapopan,0.55,1,0,0
2517,LA NORIA,Zapopan,0.82,1,0,0
2518,SAN NICOLAS DE LA PRIMAVERA,Zapopan,1.43,4,3,1
2519,LA LOMA ALTA,Zapopan,1.56,9,2,0
2520,SAN LORENZO,Tonal,ND2020,ND2020,ND2020,ND2020
2521,VALLE DE LOS SAUCES,Zapopan,0.79,8,0,0
2540,ATORINO,San Pedro Tlaquepaque,ND2020,ND2020,ND2020,ND2020
2543,MISION EL CAMPANARIO,Tonal,1.14,1,1,1
2546,EL PARDO,Tonal,1.14,24,39,14
2547,CONDOMINIO REY XOLOTL,Tonal,0.97,1,0,0
2549,DEL SOL,Tonal,1.26,0,0,0
2552,COLINAS DE ALTAMIRA,Tonal,1.29,3,1,1
2554,REAL TONALA,Tonal,0.95,0,0,0
2555,PRADERAS TONALLAN,Tonal,0.94,6,6,5
2560,RINCONADAS DE LA PRIMAVERA,Zapopan,1.21,6,0,0
2561,JARDINES DE SAN GONZALO,Zapopan,1.60,2,1,1
2562,BOSQUES DEL ENCINO,Zapopan,0.86,0,0,0
2563,BOSQUES DE SAN GONZALO,Zapopan,0.76,1,1,1
2564,SANTA MONICA DE LOS CHORRITOS,Zapopan,1.32,9,1,2
2565,EL HUMEDO DE NEXTIPAC,Zapopan,1.28,6,1,1
2566,LOS TRES VAQUEROS,Zapopan,1.20,1,0,0
2567,PRADOS DE NEXTIPAC 2a SECCION,Zapopan,1.40,3,1,1
2568,SANTA LUCIA,Zapopan,1.11,37,3,0
2569,PRADOS DE SANTA LUCIA,Zapopan,1.21,33,6,4
2570,EL ZAPOTE I,Zapopan,1.20,2,1,1
2574,LOS GIGANTES,El Salto,1.31,5,6,1
2579,MASCUALA,Ixtlahuacn del Ro,ND2020,ND2020,ND2020,ND2020
2580,QUINTAS DE TATEPOSCO,Tonal,1.20,0,0,0
2581,MISION DE LOS VIEDOS,Tonal,ND2020,ND2020,ND2020,ND2020
2582,PALMIRA,Zapopan,1.14,49,3,3
2583,VILLAS DE ASIS,Zapopan,0.64,0,0,0
2584,LAS PALOMAS,Zapopan,0.75,0,0,0
2585,DEL FRESNO,Zapopan,1.13,16,0,0
2593,QUINTAS DEL BOSQUE,Zapopan,0.74,3,0,0
2594,DE LOS SAUCES,Zapopan,0.75,0,0,0
2599,ZONA INDUSTRIAL,Guadalajara,ND2020,3,3,3
2606,CIUDAD GRANJA,Zapopan,0.71,29,5,2
2607,CANTERAS DEL CENTINELA,Zapopan,0.65,4,1,0
2608,PRADERAS DEL CENTINELA,Zapopan,0.86,0,1,0
2609,LOS ALMENDROS,Zapopan,0.67,0,0,0
2611,LA CONCHA,Tonal,1.00,0,0,0
2612,LAS GABRIELAS,Tonal,ND2020,ND2020,ND2020,ND2020
2617,DE LAS AZALEAS,Tonal,0.90,1,1,1
2618,ALTAMIRA,Zapopan,0.60,0,0,0
2619,ESENCIA,Zapopan,ND2020,ND2020,ND2020,ND2020
2622,CRISTO REY,Zapopan,0.75,0,0,0
2623,NOVATERRA,Zapopan,0.65,0,0,0
2624,RESIDENCIAL DEL VALLE,Zapopan,0.70,0,0,0
2625,DEL VALLE,Zapopan,0.69,0,0,0
2626,PALMA REAL,Zapopan,0.57,1,1,1
2633,RINCON DEL BOSQUE,San Pedro Tlaquepaque,0.65,0,0,0
2634,VALLE DEL SUR,San Pedro Tlaquepaque,0.73,0,0,0
2638,EL CARMEN HABITAT,Zapopan,0.62,1,0,0
2642,MARTELL DEL VALLE,Zapopan,0.88,0,1,0
2643,REAL DE LAS LOMAS,Zapopan,1.30,0,0,0
2646,HACIENDAS DE LA REYNA,Tonal,1.10,3,0,0
2653,PUERTA REAL,Zapopan,0.60,0,0,0
2654,CIMA REAL,Zapopan,ND2020,ND2020,ND2020,ND2020
2658,LOS VIEDOS II,Tonal,1.14,0,0,0
2659,AYAMONTE,Zapopan,ND2020,ND2020,ND2020,ND2020
2660,VISTAS DEL VALLE,Tonal,1.07,0,0,0
2664,LOS AMIALES,Tonal,1.32,30,12,8
2665,LOS CHIRIMOLLOS,Tonal,1.20,5,6,1
2666,LAS LOMAS GOLF  HABITAT,Zapopan,0.30,0,0,0
2667,SENDA,Zapopan,1.10,1,4,0
2668,RESIDENCIAL CHAPALITA,Guadalajara,0.54,0,0,0
2669,VALLARTA CUAUHTEMOC,Guadalajara,ND2020,ND2020,ND2020,ND2020
2674,LOS CEREZOS,Tonal,0.95,1,0,0
2677,COLINAS DE CRISTO REY,Zapopan,1.38,4,3,2
2690,COLORINES,Tonal,0.97,1,0,0
2691,LOS AMIALES,Tonal,ND2020,ND2020,ND2020,ND2020
2692,PUERTA DEL BOSQUE,Zapopan,0.60,2,0,0
2695,LA CANTERA,Zapopan,0.78,1,0,0
2696,LA CIMA,Zapopan,0.70,4,0,0
2697,LOMA DEL BOSQUE,Zapopan,0.90,1,0,0
2698,PACIFICA HABITAT,Zapopan,0.63,0,0,0
2702,VILLAS DE LA CRUZ (EL ROBLE),Tonal,1.25,1,0,0
2703,PUERTA SOL,Tonal,1.17,1,0,0
2704,VALLE VERDE,Tonal,ND2020,ND2020,ND2020,ND2020
2705,DE LOS FRESNOS,Zapopan,0.77,3,3,3
2719,HUERTAS DEL VALLE,Tonal,1.13,2,0,0
2720,EL MORAL,Tonal,ND2020,ND2020,ND2020,ND2020
2734,RINCONADAS DE ZAPOPAN,Zapopan,0.90,0,0,0
2735,ALTUS QUINTAS,Zapopan,0.76,2,0,0
2742,HACIENDAS DE NUEVO MEXICO,Zapopan,0.88,1,0,0
2743,RESERVA LAS MAGNOLIAS,Zapopan,0.83,0,0,0
2744,VALLE DE LA PROVIDENCIA,Zapopan,1.16,36,10,10
2745,PARQUES DEL BOSQUE,San Pedro Tlaquepaque,0.65,7,0,0
2748,SAN PABLO,Tlajomulco de Ziga,ND2020,ND2020,ND2020,ND2020
2751,DE SAN SEBASTIAN,Tlajomulco de Ziga,1.03,3,1,0
2754,SENDERO DEL VALLE,Tlajomulco de Ziga,0.94,0,0,0
2783,DR ATL,Guadalajara,1.14,11,4,1
2852,PARQUE DE LAS AZALEAS,Zapopan,0.78,1,0,0
2853,VILLA BONITA,Zapopan,0.72,0,1,0
2854,ELITE,Zapopan,0.82,0,0,0
2855,RINCON DEL PARAISO,Tonal,ND2020,ND2020,ND2020,ND2020
2856,LOS MANDARINOS,Zapopan,ND2020,ND2020,ND2020,ND2020
2857,LOS FRAILES,Zapopan,0.65,1,0,0
2858,REAL DEL BOSQUE,Zapopan,0.57,0,0,0
2859,PONTEVEDRA,Zapopan,0.73,0,0,0
2870,QUINTAS EL ALAMO,San Pedro Tlaquepaque,ND2020,ND2020,ND2020,ND2020
2871,PEDREGAL TONALA,Tonal,1.05,1,1,1
2872,JARDINES DEL PRADO,Tonal,1.12,2,0,0
2873,RESIDENCIAS  DEL PRADO,Tonal,1.19,4,2,1
2874,JARDINES DEL PORVERNIR,Zapopan,1.14,1,0,0
2875,VALLE DE ATEMAJAC,Zapopan,0.87,0,0,0
2876,VISTAS DEL TULE II,Zapopan,0.60,2,2,2
2877,MISION SAN FRANCISCO,Zapopan,0.60,0,0,0
2878,VISTA DEL REY,Tonal,0.80,0,0,0
2882,JARDINES DEL VIGIA,Zapopan,0.92,2,1,1
2883,PINO SUAREZ,Zapopan,0.75,0,0,0
2884,ECOLOGICA EL SEATTLE,Zapopan,0.57,4,0,0
2885,CONJUNTO PATRIA,Zapopan,0.55,7,0,0
2890,JARDINES DE SAN RAFAEL,Tonal,0.94,0,0,0
2896,VALLE DEL ALAMO,Guadalajara,0.81,2,0,0
2897,LOS VIEDOS III,Tonal,1.10,0,0,0
2898,VALLE DE LA PRIMAVERA,Zapopan,1.65,223,3,8
2899,TLAQUEPAQUE PUEBLITO,San Pedro Tlaquepaque,0.80,1,0,0
2909,MURO VEKIO,Zapopan,ND2020,ND2020,ND2020,ND2020
2910,RIO BLANCO,Zapopan,0.97,13,11,7
2922,BUENA MIRADA,Tonal,1.06,1,0,0
2923,ALTUS BOSQUES,Tlajomulco de Ziga,ND2020,ND2020,ND2020,ND2020
2929,LA CEIBA,Zapopan,0.70,1,0,0
2935,PRADOS COYULA,Tonal,1.01,12,2,0
2936,HACIENDA DE LA REYNA II,Tonal,1.14,2,1,1
2939,VISTAS DEL TULE I,Zapopan,0.57,0,0,0
2940,LUIS DONALDO COLOSIO,Tonal,1.07,1,0,0
2942,BOSQUE DEL CENTINELA II,Zapopan,0.77,0,1,0
2950,COTO SANTA LUZA,Zapopan,0.90,1,0,0
2956,SANTA MARGARITA,Zapopan,0.68,0,0,0
2958,LOMAS DE TESISTAN,Zapopan,ND2020,ND2020,ND2020,ND2020
2961,FUENTE MAYOR,Zapopan,1.00,0,0,0
2962,ESTRADA,Zapopan,1.07,3,0,0
2967,COTO SAN FRANCISCO,Zapopan,ND2020,ND2020,ND2020,ND2020
2970,PEDREGAL DEL BOSQUE,San Pedro Tlaquepaque,0.77,0,0,0
2975,SAN LORENZO,El Salto,1.28,16,65,4
2991,SOLE REAL,Zapopan,0.57,0,0,0
2992,PORTA REAL,Zapopan,0.65,1,0,0
2994,SOLARES ANTARA,Zapopan,0.65,0,0,0
2995,SOLARES AVEIRA,Zapopan,0.63,0,0,0
2996,SOLARES ALTHEA,Zapopan,0.63,0,0,0
3009,BOSQUE DE LOS LAGOS,Zapopan,0.56,2,2,2
3010,BOSQUE DE LOS VIRREYES,Zapopan,0.47,1,1,1
3011,BOSQUE DE LAS LOMAS,Zapopan,ND2020,ND2020,ND2020,ND2020
3012,LAS CUMBRES,Zapopan,0.50,1,1,1
3013,ALCAZAR PONIENTE,Zapopan,0.57,4,4,4
3014,ALCAZAR ORIENTE,Zapopan,0.58,2,2,2
3015,VILLA VERONA,Zapopan,0.62,3,2,2
3016,PARQUE VIRREYES,Zapopan,0.62,0,0,0
3017,RINCONADAS DEL BOSQUE,Zapopan,0.77,1,0,0
3018,LOS CASTAOS,Zapopan,0.60,2,2,2
3019,PUERTA DEL TULE,Zapopan,0.65,4,1,1
3023,LA ESPERANZA,Tonal,ND2020,ND2020,ND2020,ND2020
3029,LA PROVIDENCIA,Tonal,1.08,0,1,0
3030,EL SANCHE,Tonal,1.35,2,2,3
3031,RINCON DEL VALLE,Zapopan,ND2020,ND2020,ND2020,ND2020
3036,GONZALEZ ORTEGA,Zapopan,0.82,0,0,0
3037,CAADAS DE SAN LORENZO,Zapopan,0.68,1,0,0
3038,LA LOMA,San Pedro Tlaquepaque,1.10,9,1,0
3041,PRADOS DEL MAGUEY,Tonal,ND2020,ND2020,ND2020,ND2020
3042,LOS VIEDOS IV,Tonal,1.10,0,0,0
3043,MISSION SAN FRANCISCO,San Pedro Tlaquepaque,1.07,2,0,0
3044,DESPERTARES,Tonal,0.80,0,0,0
3046,MIRADOR DEL SOL,Zapopan,0.63,5,1,0
3047,JARDINES TEPEYAC,Zapopan,0.53,1,0,0
3048,LOS OLIVOS,Zapopan,0.43,1,0,0
3049,ALEIRA,Zapopan,0.77,0,0,0
3056,RESIDENCIAL COYULA,Tonal,1.28,2,1,1
3059,DE COYULA,Tonal,0.97,2,2,2
3071,MIRADOR DEL SUR,Tonal,1.07,1,0,0
3074,PRADOS TLAQUEPAQUE,San Pedro Tlaquepaque,1.10,0,0,0
3075,PASEOS DE SANTIAGO,Tonal,1.07,1,0,0
3084,CRISTO REY,Zapopan,1.42,11,5,6
3085,REVOLUCION,Zapopan,1.31,11,2,2
3086,LOMA CHICA,Zapopan,1.20,11,3,3
3087,LA CUSPIDE,Zapopan,1.22,1,0,0
3089,BUENOS AIRES SEGUNDA SECCION,San Pedro Tlaquepaque,1.97,28,9,4
3090,PARAISO,Tonal,0.90,1,0,0
3097,REAL DE TESISTAN,Zapopan,0.85,1,0,0
3101,SANTA ROSA DEL VALLE 2DA SECCION,El Salto,1.17,10,2,1
3102,ERMITA,El Salto,1.11,16,14,6
3103,GUADALUPE DE MONTENEGRO,El Salto,1.22,4,1,0
3104,EL TRECE,El Salto,1.06,4,6,2
3122,CALLEJON DEL BOSQUE,Zapopan,0.80,0,0,0
3123,PUERTA TESISTAN,Zapopan,0.70,0,0,0
3124,CERRITO II,Tonal,0.98,1,0,0
3130,LOMAS DEL TESORO,San Pedro Tlaquepaque,0.97,1,0,0
3143,LOS GIGANTES,El Salto,0.96,5,1,1
3144,LA GIGANTERA,El Salto,1.36,4,2,3
3145,EL SEMINARIO,El Salto,ND2020,ND2020,ND2020,ND2020
3146,BAJA CALIFORNIA,El Salto,1.05,16,8,3
3217,SAN FRANCISCO,San Pedro Tlaquepaque,0.90,6,0,1
3218,SAN JUAN,San Pedro Tlaquepaque,0.88,6,1,2
3219,LOMAS DE SANTA MARIA,San Pedro Tlaquepaque,1.33,15,1,0
3220,PRADOS DE SANTA MARIA,San Pedro Tlaquepaque,0.80,2,1,1
3221,RIVERAS DE SAN SEBASTIANITO,San Pedro Tlaquepaque,0.80,0,0,0
3222,ALBORADA,San Pedro Tlaquepaque,1.44,5,0,1
3223,VALLE DE LAS HERAS,San Pedro Tlaquepaque,0.87,0,0,0
3224,LOMA REAL,San Pedro Tlaquepaque,1.10,0,0,0
3225,SAN SEBASTIANITO,San Pedro Tlaquepaque,1.19,21,3,4
3226,INDIGENA,San Pedro Tlaquepaque,1.43,8,0,0
3227,VALLE DE LOS MOLINOS,Zapopan,ND2020,ND2020,ND2020,ND2020
3229,ARAUCA I,Zapopan,ND2020,ND2020,ND2020,ND2020
3230,TIERRA RESIDENCIAL,Zapopan,0.81,0,0,0
3231,PUERTA AQUA,Zapopan,0.50,1,1,1
3232,TONALA,Tonal,1.00,1,0,0
3233,JARDINES DE ELIZABETH,Tonal,1.05,0,0,0
3237,SANTA ISABEL,Zapopan,0.65,2,0,0
3238,PUERTA DE HIERRO,Zapopan,0.57,5,2,2
3239,COLINAS DE LA ABADIA,Zapopan,0.55,1,1,1
3240,ROYAL COUNTRY,Zapopan,0.55,5,1,1
3241,RANCHO DE LA CRUZ,Tonal,1.04,19,6,5
3242,PRADOS DE LA HIGUERA,Tonal,0.97,0,0,0
3243,ARROYO HONDO 2a SECCION,Zapopan,1.14,14,1,1
3244,ARROYO HONDO,Zapopan,1.11,16,10,0
3245,BENITO JUAREZ,Zapopan,1.02,26,5,5
3246,AUDITORIO,Zapopan,0.60,0,0,0
3247,VILLAS DEL MARQUEZ,Zapopan,0.93,1,0,0
3248,AUDITORIO,Zapopan,0.73,9,1,1
3249,DIVISION DEL NORTE,Zapopan,0.89,2,0,0
3250,JARDINES DEL AUDITORIO,Zapopan,1.00,6,0,0
3251,UNIDAD JOSE LUIS LOPEZ PORTILLO,Zapopan,0.95,2,0,0
3252,RDA DEL AUDITORIO,Zapopan,0.99,1,0,0
3253,QUINTAS DEL FEDERALISMO,Zapopan,0.73,2,0,0
3256,MISION  ACUEDUCTO,Tonal,1.07,1,1,1
3263,EL BAJIO,Zapopan,ND2020,ND2020,ND2020,ND2020
3269,COLONOS DE COYULA,Tonal,1.15,0,0,0
3270,LA FLORESTA SECCION 2,Zapopan,2.04,31,1,4
3283,LA FLORESTA,Tonal,ND2020,ND2020,ND2020,ND2020
3352,ARMONIA,Zapopan,0.60,2,0,0
3353,REAL DEL CARMEN,Zapopan,0.70,0,0,0
3361,LOS PAJARITOS,Tonal,1.45,19,14,1
3366,SAN MARINO,Zapopan,1.52,12,10,6
3367,LOS NARANJOS,Zapopan,ND2020,ND2020,ND2020,ND2020
3368,LA SOLEDAD,Zapopan,1.25,16,8,9
3369,NEXTIPAC,Zapopan,1.07,12,3,2
3372,COLINAS DE TONALA,Tonal,0.92,13,4,4
3392,GIRASOLES ACUEDUCTO,Zapopan,0.76,0,0,0
3393,GIRASOLES ELITE,Zapopan,0.75,3,0,0
3394,LA CASITA,Zapopan,0.91,0,0,0
3396,NUEVO MEXICO,Zapopan,0.91,12,1,0
3397,LUCERO DEL VALLE,Zapopan,ND2020,ND2020,ND2020,ND2020
3398,LA STRAVAGANZA,Zapopan,0.76,0,0,0
3411,JARDINES VALLARTA,Zapopan,0.53,1,0,0
3412,SAN ARTURO,San Pedro Tlaquepaque,0.60,1,0,0
3415,SANTA MARIA,San Pedro Tlaquepaque,0.77,1,0,0
3416,LAS BRISAS,San Pedro Tlaquepaque,0.65,0,0,0
3417,DE LOS NOVELISTAS,Zapopan,0.47,0,0,0
3418,LOS PORTALES TLAQUEPAQUE,San Pedro Tlaquepaque,0.84,2,0,0
3422,PUERTA SERENA,Zapopan,0.72,1,1,1
3423,EL EDEN,Tonal,1.30,2,2,2
3425,PONIENTE,Zapopan,0.68,5,0,0
3426,LA TOSCANA,Zapopan,0.63,0,0,0
3435,VILLAS DE SANTA ANITA,Tlajomulco de Ziga,0.55,0,0,0
3436,SANTA CATALINA,Zapopan,0.60,8,0,0
3437,RESERVA REAL,Zapopan,0.85,0,0,0
3438,SAN JUAN DE OCOTAN,Zapopan,1.18,125,76,5
3439,SOLARES,Zapopan,0.66,4,0,0
3440,SANTILLANA,Zapopan,0.63,0,0,0
3441,EL REAL,Zapopan,0.60,0,0,0
3442,UNIDAD HABITACIONAL MILITAR,Zapopan,0.89,3,1,1
3461,SAN FRANCISCO,San Pedro Tlaquepaque,1.15,6,4,4
3465,PAISAJES DEL TESORO,San Pedro Tlaquepaque,0.66,2,2,2
3466,SANTA ANITA,Tonal,1.30,8,8,0
3467,SIN NOMBRE,Zapopan,1.70,12,1,1
3468,5 DE NOVIEMBRE,Zapopan,1.49,41,6,0
3477,SONEE,Zapopan,0.70,0,0,0
3716,ALTA LOMA,Tonal,1.02,1,1,1
3721,DOCTORES,Zapopan,ND2020,ND2020,ND2020,ND2020
3780,SOTO PARK,Zapopan,0.72,5,0,0
3781,JARDINES DE LAS FUENTES,Zapopan,0.67,1,0,0
3782,BELLISSIMO,Zapopan,0.66,1,1,0
3832,LA PLANCHA,Tonal,1.63,13,9,2
3833,SENDAS,Zapopan,0.71,2,2,2
3839,BUGAMBILIAS,Tonal,0.87,0,0,0
3840,VICENTE GUERRERO,Zapopan,1.13,27,3,2
3841,VALLE IMPERIAL,Zapopan,0.68,10,10,10
3842,LA SAUCEDA,Zapopan,0.80,0,0,0
3843,REAL CANTABRIA,Zapopan,0.81,1,0,0
3844,SEVILLA,Zapopan,ND2020,ND2020,ND2020,ND2020
3859,NIOS HEROES,Tlajomulco de Ziga,ND2020,ND2020,ND2020,ND2020
3862,CARDENAS DEL RIO,El Salto,1.41,43,6,4
3863,HERMOSILLO,El Salto,1.15,15,15,4
3867,SANTA ROSA,El Salto,1.14,7,3,1
3868,LOMAS DEL AEROPUERTO,El Salto,1.06,8,3,1
3888,SIN NOMBRE,Zapopan,0.90,3,0,0
3889,LOS MANZANOS,Zapopan,0.80,0,0,0
3898,SAN RAFAEL RESIDENCIAL,Guadalajara,0.97,1,0,0
3899,ALTEZZA,Zapopan,ND2020,ND2020,ND2020,ND2020
3900,NUEVO MEXICO,Zapopan,0.70,1,0,0
3901,PUERTA LAUREL,Zapopan,0.74,1,0,0
3902,EL OCOTILLO,Tonal,ND2020,ND2020,ND2020,ND2020
3903,EL CARRIL TAPATIO,Tonal,1.03,4,4,4
3920,LOS SAUCES,Zapopan,ND2020,ND2020,ND2020,ND2020
3921,ARAUCA II,Zapopan,0.58,3,2,2
3922,MITICA RESIDENCIAL,Zapopan,ND2020,ND2020,ND2020,ND2020
3923,BASE AEREA MILITAR NO 5,Zapopan,0.94,29,27,27
3924,VALEIRA,Zapopan,0.59,1,0,0
3925,SOARE ACANTIA I,Zapopan,0.67,5,0,0
3926,REAL DEL CARMEN GRAND,Zapopan,ND2020,ND2020,ND2020,ND2020
3927,TORRES CIBELES,Zapopan,ND2020,ND2020,ND2020,ND2020
3941,LA MESA DE LA CORONILLA,Zapopan,0.75,0,0,0
3942,COLINAS VIRREYES,Zapopan,0.70,0,0,0
3943,VILLA LA CIMA,Zapopan,0.56,0,0,0
3946,SENDEROS DE TESISTAN,Zapopan,1.19,2,0,0
3959,INSURGENTES,El Salto,1.32,44,10,5
3963,ARANDAS,Guadalajara,0.81,1,0,0
3968,SANTA MARIA TEQUEPEXPAN,San Pedro Tlaquepaque,0.97,19,1,2
3969,RESIDENCIAS EL PRADO,Tonal,1.03,3,3,3
3982,SANTA CRUZ,Tonal,1.67,10,2,0
3983,SANTA ROSA,Tonal,1.20,7,4,1
3988,MIRAFLORES,San Pedro Tlaquepaque,0.82,1,0,0
3992,PASEOS DE TONALA,Tonal,1.12,8,5,5
3993,CAMICHINES II,Tonal,0.98,6,1,0
3994,GEO VILLAS LOS OLIVOS I,San Pedro Tlaquepaque,1.00,0,0,0
3996,PRADERAS DE ORIENTE ( EL MIRADOR),Tonal,ND2020,ND2020,ND2020,ND2020
3997,BOSQUES VALLARTA,Zapopan,0.71,3,3,3
3998,LOS ALVAREZ,Tonal,1.12,3,1,1
4000,PASEO DEL BOSQUE,San Pedro Tlaquepaque,0.73,0,0,0
4006,LOS NISPEROS,Zapopan,ND2020,ND2020,ND2020,ND2020
4007,PRIVANZA LA CEIBA,Zapopan,ND2020,ND2020,ND2020,ND2020
4023,UNIDAD HABITACIONAL LIC SATURNINO CORONADO ORGANISTA,Guadalajara,0.80,0,0,0
4029,TEPEYAC DEL SOL,Zapopan,0.60,0,0,0
4036,LA RUMOROSA,Zapopan,1.49,7,8,2
4037,VIA NOVA,Tonal,0.88,1,0,0
4038,VISTAS DEL CUATRO,San Pedro Tlaquepaque,1.07,14,1,1
4046,SIN NOMBRE,Zapopan,0.50,0,0,0
4047,PUERTA LAS LOMAS,Zapopan,0.61,2,1,1
4050,LAURELES DE TONALA,Tonal,1.12,10,10,12
4053,LOMAS DEL GALLO,Guadalajara,1.09,16,0,1
4054,ALVIENTO,Zapopan,0.80,0,0,0
4055,PARQUE DE LAS AVES,Zapopan,1.00,1,1,1
4056,MISION LA VALENCIANA,Tonal,1.06,1,1,1
4057,LA CASTELLANA,Tonal,ND2020,ND2020,ND2020,ND2020
4058,PASEOS DEL PARQUE,Zapopan,0.64,11,8,8
4063,LINDAVISTA COUNTRY,San Pedro Tlaquepaque,1.04,3,2,1
4064,MANANTIAL,San Pedro Tlaquepaque,1.23,6,1,1
4065,SOLIDARIDAD,San Pedro Tlaquepaque,1.20,28,15,3
4070,LOS LAURELES,Tlajomulco de Ziga,0.90,1,0,0
4071,HACIENDA SAN AGUSTIN,Tlajomulco de Ziga,0.75,0,0,0
4072,REAL DE SANTA ANITA,Tlajomulco de Ziga,ND2020,ND2020,ND2020,ND2020
4076,VALLE DEL SOL,Zapopan,1.13,3,1,1
4096,JARDINES SAN FRANCISCO,Zapopan,0.93,2,0,0
4097,EL DUQUE,Tonal,1.18,2,0,0
4099,FUENTES NEXTIPAC,Zapopan,ND2020,ND2020,ND2020,ND2020
4186,COTO RINCONADA DE LA PROVIDENCIA 2DA SECCION,Tonal,1.00,0,0,0
4191,NUEVA ESPAA,Zapopan,1.33,0,0,0
4219,INSURGENTES SUR,El Salto,1.47,17,9,4
4228,FRACCIONAMIENTO LOS PRADOS,Tonal,ND2020,ND2020,ND2020,ND2020
4237,VILLAS DE LA LOMA,San Pedro Tlaquepaque,0.93,0,0,0
4239,JARDINES DE LA CAADA,Tonal,1.03,1,1,1
4240,ARROYO SECO,San Pedro Tlaquepaque,0.85,2,0,0
4241,EL REAL,San Pedro Tlaquepaque,0.92,7,4,4
4242,OJO DE AGUA,San Pedro Tlaquepaque,1.11,4,0,0
4243,PARQUES DE SANTA MARIA,San Pedro Tlaquepaque,0.88,15,2,2
4244,LOS CAJETES,San Pedro Tlaquepaque,ND2020,ND2020,ND2020,ND2020
4245,LOS CAJETES,San Pedro Tlaquepaque,ND2020,ND2020,ND2020,ND2020
4246,CAMINO REAL,Zapopan,1.00,0,0,0
4247,LOS CAJETES,Zapopan,0.90,1,0,0
4248,HACIENDAS DEL REAL,San Pedro Tlaquepaque,1.11,4,0,0
4249,LA GIGANTERA,San Pedro Tlaquepaque,1.31,23,12,8
4250,GEO VILLAS LOS OLIVOS II,San Pedro Tlaquepaque,0.94,1,0,0
4251,RDCIAL LOS OLIVOS,San Pedro Tlaquepaque,1.00,0,0,0
4252,FRACC  RESIDENCIAL AMANECERES,San Pedro Tlaquepaque,0.73,1,0,0
4253,POTRERO LOS AMADOR,San Pedro Tlaquepaque,1.10,1,2,1
4255,PARQUE REAL,Zapopan,0.85,1,0,0
4268,BOSQUES DE SANTA ANITA,Tlajomulco de Ziga,0.63,2,1,1
4269,BOSQUE REAL DE SANTA ANITA,Tlajomulco de Ziga,0.68,0,0,0
4271,NATUREZZA,Tlajomulco de Ziga,0.70,1,1,1
4272,REAL DE BOSQUE,Tlajomulco de Ziga,0.70,0,0,0
4273,LA LOMA RESIDENCIAL,Tlajomulco de Ziga,0.60,0,0,0
4274,JARDINES RESIDENCIAL,Tlajomulco de Ziga,0.43,3,3,3
4277,BOSQUE CEDROS SANTA ANITA,Tlajomulco de Ziga,0.68,4,2,2
4278,ARBOLADA BOSQUES DE SANTA ANITA,Tlajomulco de Ziga,0.63,1,3,0
4279,LOS MANZANOS,Tlajomulco de Ziga,0.57,0,0,0
4280,BELLATERRA,Tlajomulco de Ziga,0.66,2,0,0
4281,VILLAS DE SANTIAGO,Tonal,0.87,1,0,0
4282,COL BOSQUE DEL CLUB,San Pedro Tlaquepaque,ND2020,ND2020,ND2020,ND2020
4283,LAS LIEBRES,San Pedro Tlaquepaque,1.14,96,21,9
4284,LAS LIEBRES 2DA SECCION,San Pedro Tlaquepaque,1.73,30,1,2
4285,LAS LIEBRES 2DA SECCION,San Pedro Tlaquepaque,1.73,7,5,0
4286,JARDINES DE LOS HISTORIADORES,Guadalajara,0.68,9,1,0
4287,EL REFUGIO,San Pedro Tlaquepaque,1.22,14,1,2
4288,LOMAS DEL CUATRO,San Pedro Tlaquepaque,1.12,58,15,9
4289,PRADO DE LA LUNA,San Pedro Tlaquepaque,0.85,0,0,0
4290,FONTEE,Zapopan,0.60,0,0,0
4291,MURAAN,Zapopan,0.55,0,0,0
4294,VALLE DORADO,Tlajomulco de Ziga,1.13,1,0,0
4295,VALLE DE LA AMISTAD,Tlajomulco de Ziga,1.73,3,3,2
4296,LOS CHINOS,Tlajomulco de Ziga,ND2020,ND2020,ND2020,ND2020
4297,EL MANANTIAL,Tlajomulco de Ziga,ND2020,ND2020,ND2020,ND2020
4298,SENDERO REAL,Tlajomulco de Ziga,1.18,0,0,0
4299,PASEOS DEL VALLE,Tlajomulco de Ziga,1.31,20,21,0
4301,VILLA ESMERALDA,Tlajomulco de Ziga,0.78,0,0,0
4306,PUNTA CORAL AQUA,Tlajomulco de Ziga,1.02,2,0,0
4316,ALAMEDAS DE ZALATITAN,Tonal,1.22,75,5,4
4317,LOS CONEJOS,Tonal,1.10,0,0,0
4318,JALISCO IV SECC,Tonal,1.10,49,7,1
4319,SAN GASPAR,Tonal,1.30,114,18,4
4320,LOMA DEL ZALATE (AHUATAN),Tonal,1.27,37,4,1
4321,CAADA DEL SOL,Tonal,1.17,0,0,0
4322,LAZARO CARDENAS DEL RIO,Tonal,1.25,7,2,0
4323,AGUA CALIENTE TETLAN,Tonal,ND2020,ND2020,ND2020,ND2020
4324,EJIDO ZALATITAN,Tonal,ND2020,ND2020,ND2020,ND2020
4327,OJO DE AGUA,Tlajomulco de Ziga,1.07,0,0,0
4328,LOS NARANJOS,San Pedro Tlaquepaque,0.85,0,0,0
4329,HACIENDA DEL ORO,Tlajomulco de Ziga,0.60,1,1,1
4330,PONCIANO ARRIAGA,Tlajomulco de Ziga,1.03,5,3,3
4331,LOS ESPINOS,San Pedro Tlaquepaque,0.80,3,2,2
4354,LA LOMA,El Salto,1.04,27,34,25
4355,EL VERDE,El Salto,1.07,51,20,8
4356,EL ZALATE,San Pedro Tlaquepaque,ND2020,ND2020,ND2020,ND2020
4357,LOS MAESTROS,El Salto,1.15,3,2,2
4358,SAN LORENZO,El Salto,1.30,11,19,5
4359,LA GUADALUPANA,El Salto,1.20,24,12,6
4360,LA PURISIMA,El Salto,1.36,19,12,1
4361,LA HIGUERA,El Salto,1.20,21,27,5
4362,JAZMINEZ DEL VERDE,El Salto,0.90,1,1,0
4363,BUENOS AIRES,El Salto,1.26,2,2,0
4364,LOMAS DE SAN JUAN,El Salto,1.14,20,4,4
4365,JARDINES DEL VERDE,El Salto,1.28,46,25,18
4366,JARDINES DEL VERDE EJIDAL,El Salto,1.03,7,2,2
4368,LOMA VERDE,El Salto,1.11,2,2,1
4369,LOMAS DEL VERDE EJIDAL,El Salto,1.09,4,16,0
4370,LA JOYA,El Salto,1.15,0,1,0
4425,LA CIBELA,Tlajomulco de Ziga,0.50,1,0,0
4426,HACIENA SAN MIGUEL,Tlajomulco de Ziga,ND2020,ND2020,ND2020,ND2020
4427,HACIENDA SAN MIGUEL II,Tlajomulco de Ziga,ND2020,ND2020,ND2020,ND2020
4428,HACIENDA SAN MIGUEL I,Tlajomulco de Ziga,ND2020,ND2020,ND2020,ND2020
4443,RANCHO BLANCO,San Pedro Tlaquepaque,0.80,2,1,1
4444,TINAJITAS,San Pedro Tlaquepaque,1.17,3,0,0
4445,SAN FRANCISCO,Tonal,1.06,1,0,0
4446,REY XOLOTL,Tonal,1.09,23,6,4
4447,TONALA,Tonal,1.10,19,3,1
4448,ALFAREROS,San Pedro Tlaquepaque,1.30,3,1,1
4449,LA FLORESTA,San Pedro Tlaquepaque,0.66,2,1,1
4450,LA PAZ,Guadalajara,0.83,8,1,0
4451,SAN JUAN,San Pedro Tlaquepaque,0.86,9,1,0
4458,EL SINAI,Tonal,1.50,4,1,0
4529,VILLALTA,Tlajomulco de Ziga,0.87,3,0,0
4558,JAZMIN,Tonal,1.34,2,0,0
4562,JERICO,Tonal,1.29,20,12,13
4568,VILLA FONTANA DIAMANTE,Zapopan,1.01,16,2,2
4569,CENTINELA GARDEN LIFE,Zapopan,0.60,0,0,0
4570,LA LOMA,Tonal,1.10,0,0,0
4571,LAS CUEVAS,Tonal,ND2020,1,1,1
4578,CAMINO REAL,Tonal,ND2020,ND2020,ND2020,ND2020
4579,POTRERO DEL CANDADO,Tlajomulco de Ziga,1.20,6,3,4
4580,HACIENDA SANTA CRUZ,Tlajomulco de Ziga,0.86,6,1,1
4581,LAS VILLAS,Tlajomulco de Ziga,1.02,18,0,0
4582,LAS PALMAS,Tlajomulco de Ziga,ND2020,ND2020,ND2020,ND2020
4584,SENDERO DE LAS MORAS,Tlajomulco de Ziga,0.60,0,0,0
4592,ANTARES II,San Pedro Tlaquepaque,0.68,0,0,0
4595,EL QUEMADO,Zapopan,ND2020,ND2020,ND2020,ND2020
4599,SAN RAFAEL TERCERO,Zapopan,ND2020,ND2020,ND2020,ND2020
4602,LA MOJONERA,Zapopan,ND2020,ND2020,ND2020,ND2020
4603,HACIENDAS LA CANDELARIA,San Pedro Tlaquepaque,0.99,1,0,0
4604,ESPAA (PINTORES ESPAOLES),San Pedro Tlaquepaque,0.82,0,0,0
4605,LOS MAGUEYES,San Pedro Tlaquepaque,ND2020,ND2020,ND2020,ND2020
4606,GEO VILLAS DEL REAL,San Pedro Tlaquepaque,0.65,1,1,1
4607,SANTA ANITA,San Pedro Tlaquepaque,1.08,37,8,5
4608,SANTA ANITA CAMINO REAL,San Pedro Tlaquepaque,0.64,0,0,0
4629,BELCANTO,Tlajomulco de Ziga,0.78,4,0,0
4633,EL SERENO,San Pedro Tlaquepaque,ND2020,ND2020,ND2020,ND2020
4634,COLINAS DE SAN MIGUEL,Zapopan,1.06,1,8,0
4640,VALLE DE TONANTZIN,Tonal,1.14,0,0,0
4642,HACIENDA COPALA,Zapopan,ND2020,ND2020,ND2020,ND2020
4643,FRACCIONAMIENTO GEOVILLAS ARBOLADAS PLUS,Tlajomulco de Ziga,ND2020,ND2020,ND2020,ND2020
4644,VILLAS DE SAN MARTIN,Tlajomulco de Ziga,0.87,2,1,1
4645,VIVEROS DEL REAL,Tlajomulco de Ziga,1.01,2,0,0
4646,SUMMS RESIDENCIAL,Tlajomulco de Ziga,ND2020,ND2020,ND2020,ND2020
4647,LOMAS DE LA SOLEDAD,Tonal,ND2020,ND2020,ND2020,ND2020
4653,JARDINES DEL EDEN,Tlajomulco de Ziga,1.00,1,0,0
4660,MADEIRAS,Zapopan,0.72,4,2,2
4662,VISTA HERMOSA,San Pedro Tlaquepaque,0.99,4,2,1
4663,SAN CLEMENTE,San Pedro Tlaquepaque,1.22,10,1,1
4664,OJO DE AGUA,San Pedro Tlaquepaque,1.33,26,7,4
4665,JUAN DE LA BARRERA,San Pedro Tlaquepaque,1.22,28,1,3
4666,PARAISO,El Salto,1.33,103,55,16
4667,ESMERALDA,El Salto,1.26,21,17,1
4668,LA HUIZACHERA,El Salto,1.25,34,48,4
4669,EL TRIGO,San Pedro Tlaquepaque,1.20,1,8,0
4683,FRENTE POPULAR TONALTECA,Tonal,1.62,7,2,5
4684,JAUJA,Tonal,1.29,107,50,21
4686,EL SAUZ,Tonal,1.21,6,1,2
4687,PRADOS DEL NILO,San Pedro Tlaquepaque,ND2020,ND2020,ND2020,ND2020
4688,VALLARTA CUAUHTEMOC,Zapopan,ND2020,ND2020,ND2020,ND2020
4702,VALLE DORADO 2DA SECCION INN,Tlajomulco de Ziga,0.95,1,0,0
4713,EL MORITO,San Pedro Tlaquepaque,1.31,19,0,1
4714,VERDE VALLE,San Pedro Tlaquepaque,ND2020,ND2020,ND2020,ND2020
4715,LAS FLORES,San Pedro Tlaquepaque,ND2020,ND2020,ND2020,ND2020
4716,ALVARO OBREGON,San Pedro Tlaquepaque,1.26,42,0,1
4717,ABADIA SAN MARTIN,San Pedro Tlaquepaque,ND2020,ND2020,ND2020,ND2020
4718,PRADOS DE EL VERDE,El Salto,1.43,10,34,2
4723,EL MORAL III,Tonal,ND2020,ND2020,ND2020,ND2020
4724,EL MORAL II,Tonal,ND2020,ND2020,ND2020,ND2020
4725,FRACCIONAMIENTO VALTIERRA,Tonal,ND2020,ND2020,ND2020,ND2020
4729,EL OCOTILLO,Tonal,ND2020,ND2020,ND2020,ND2020
4730,COTO ALTATERRA,Zapopan,0.71,2,0,0
4733,LAS PINTITAS,El Salto,1.08,76,37,7
4735,LAS LUCES,Tlajomulco de Ziga,1.13,1,0,0
4736,UNION DEL CUATRO,Tlajomulco de Ziga,1.01,8,2,2
4737,CONCEPCION DEL VALLE (LA CONCHA),Tlajomulco de Ziga,1.04,13,16,9
4738,PASEOS DE LA HACIENDA,Tlajomulco de Ziga,0.98,3,2,2
4739,SAN JOSE DEL VALLE,Tlajomulco de Ziga,1.11,7,2,3
4746,CERRO DEL JAGUEY,San Pedro Tlaquepaque,1.08,8,2,1
4747,BOSQUES DE SAN MARTIN,San Pedro Tlaquepaque,1.25,0,0,0
4748,TEMPISQUE,San Pedro Tlaquepaque,0.75,4,4,4
4749,LA COYOTERA,San Pedro Tlaquepaque,1.53,15,17,2
4750,SANTA CRUZ DE LAS HUERTAS,Tonal,0.93,5,5,5
4751,CIUDAD AZTLAN,Tonal,1.04,16,9,7
4752,SIN NOMBRE,San Pedro Tlaquepaque,ND2020,ND2020,ND2020,ND2020
4762,REAL DEL SOL,Tlajomulco de Ziga,0.99,3,0,0
4763,PUESTA DEL SOL,Tlajomulco de Ziga,1.00,2,0,0
4764,LA CONCHA JARDIN RESIDENCIAL,Tlajomulco de Ziga,1.00,0,0,0
4768,LA COLADERA,Tlajomulco de Ziga,1.20,5,4,1
4769,LAS VARITAS,Tlajomulco de Ziga,1.60,1,0,1
4770,LA RUA,Tlajomulco de Ziga,ND2020,ND2020,ND2020,ND2020
4772,SAN JUAN DEL RIO,Tlajomulco de Ziga,1.25,1,0,0
4782,VILLAS DE LA HACIENDA,Tlajomulco de Ziga,1.02,13,7,7
4783,VILLAS SAN JOSE,Tlajomulco de Ziga,1.13,0,0,0
4785,SAN FRANCISCO,San Pedro Tlaquepaque,0.90,11,1,0
4786,REVOLUCION,San Pedro Tlaquepaque,0.81,4,0,0
4787,LOS MESEROS,San Pedro Tlaquepaque,0.79,1,1,0
4788,SENTIMIENTOS DE LA NACION,San Pedro Tlaquepaque,1.30,2,4,1
4789,JARDINES DEL TAPATIO,San Pedro Tlaquepaque,1.16,9,4,1
4790,JARDINES DE SAN MARTIN,San Pedro Tlaquepaque,1.17,18,1,1
4791,VILLAS DEL TAPATIO,San Pedro Tlaquepaque,0.93,0,0,0
4792,LA PIEDRERA,San Pedro Tlaquepaque,0.95,1,1,0
4793,JARDINES DEL ORGANO,San Pedro Tlaquepaque,1.38,9,2,6
4794,ALFREDO BARBA,San Pedro Tlaquepaque,1.22,39,1,3
4806,EL MIRADOR,San Pedro Tlaquepaque,1.41,77,2,9
4808,LOMAS DEL AEROPUERTO,El Salto,1.21,7,7,3
4809,LA PEDRERA,El Salto,1.29,55,42,21
4814,SAN JOSE DEL QUINCE,El Salto,1.22,144,135,38
4815,SANTA CRUZ DEL VALLE,Tlajomulco de Ziga,1.14,65,12,8
4816,QUINTAS DEL VALLE,Tlajomulco de Ziga,1.22,3,0,1
4817,FRACCIONAMIENTO RESIDENCIAL SAN JOSE,Tlajomulco de Ziga,1.01,1,0,0
4818,LA AURORA,Tlajomulco de Ziga,1.25,12,13,10
4819,LOS SAUCES,Tlajomulco de Ziga,ND2020,ND2020,ND2020,ND2020
4820,SIN NOMBRE,Tlajomulco de Ziga,0.80,2,2,2
4821,LA ARBOLEDA,Tlajomulco de Ziga,0.94,3,3,3
4822,EL PARAISO,Tlajomulco de Ziga,0.78,4,0,0
4823,REAL DEL VALLE,Tlajomulco de Ziga,0.87,14,1,1
4824,SAN JOSE DEL VALLE,Tlajomulco de Ziga,ND2020,ND2020,ND2020,ND2020
4836,ALAMO LOMAS,San Pedro Tlaquepaque,0.72,1,0,0
4837,SUPER MANZANA EL ALAMO,San Pedro Tlaquepaque,0.58,2,1,1
4838,LAS FLORES,San Pedro Tlaquepaque,1.20,35,3,4
4839,REAL PATRIA,San Pedro Tlaquepaque,0.80,0,0,0
4840,COTO FLORENCIA,San Pedro Tlaquepaque,1.00,0,0,0
4841,CUMBRES DEL NILO,San Pedro Tlaquepaque,0.80,0,0,0
4842,CUMBRES DEL NILO,Guadalajara,0.65,1,0,0
4843,POPULAR HORNOS,Guadalajara,0.76,2,0,0
4844,PASEOS DEL VALLE,Tonal,0.95,13,1,1
4845,REAL PATRIA,Tonal,0.60,1,0,0
4846,EL ORGANO,San Pedro Tlaquepaque,1.21,33,12,6
4854,DE SANTIAGO,San Pedro Tlaquepaque,0.84,8,1,0
4855,SANTA MARIA,San Pedro Tlaquepaque,0.87,9,0,0
4856,HACIENDA DE SAN MARTIN,San Pedro Tlaquepaque,1.22,2,0,0
4857,DE SAN MARTIN,San Pedro Tlaquepaque,1.49,2,1,1
4858,LADRILLERA,San Pedro Tlaquepaque,1.66,20,2,0
4859,JARDINES DE LA PAZ,Guadalajara,0.71,29,3,2
4860,PLAN DE LAS FLORES,San Pedro Tlaquepaque,1.39,4,1,1
4861,JARDINES DE LA PAZ,Guadalajara,0.87,0,0,0
4862,JARDINES DE LA PAZ,San Pedro Tlaquepaque,0.86,0,0,0
4863,SAN JUAN,San Pedro Tlaquepaque,1.52,39,52,7
4864,SAN JUAN,San Pedro Tlaquepaque,1.35,25,40,5
4865,RINCON DE LA COFRADIA,San Pedro Tlaquepaque,1.68,5,2,1
4866,LOS SANTIBAEZ,San Pedro Tlaquepaque,1.31,32,4,2
4867,LINDAVISTA,Guadalajara,0.80,2,0,0
4868,SAN JUAN,San Pedro Tlaquepaque,1.32,18,37,5
4869,ARBOLEDAS DE SAN MARTIN,San Pedro Tlaquepaque,1.33,5,1,0
4870,PLAN DEL RIO,San Pedro Tlaquepaque,1.37,0,1,0
4871,PLAN DE ORIENTE,San Pedro Tlaquepaque,1.31,15,3,4
4872,LOS AMIALES,San Pedro Tlaquepaque,ND2020,ND2020,ND2020,ND2020
4873,LA COFRADIA,San Pedro Tlaquepaque,1.44,84,12,10
4874,POTRERO EL ZALATE,San Pedro Tlaquepaque,1.35,3,4,2
4875,NUEVO AMANECER,San Pedro Tlaquepaque,1.57,4,0,0
4876,PBLO SAN MARTIN DE LAS FLORES DE ABAJO,San Pedro Tlaquepaque,1.20,11,6,1
4877,REAL DE TATEPOSCO,San Pedro Tlaquepaque,1.25,1,1,1
4878,EMILIANO ZAPATA,San Pedro Tlaquepaque,1.44,68,5,2
4879,QUINTERO,San Pedro Tlaquepaque,0.97,13,2,1
4880,CENTRO,San Pedro Tlaquepaque,0.82,46,10,6
4883,LA RESERVA,Zapopan,0.60,0,0,0
4904,SAN MARTIN DE LAS FLORES DE ARRIBA,San Pedro Tlaquepaque,1.39,69,2,3
4905,RESIDENCIAL PUERTA VIEJA,Tonal,0.85,1,0,0
4907,LA LLAVE,San Pedro Tlaquepaque,0.99,8,6,3
4908,LOPEZ COTILLA,San Pedro Tlaquepaque,1.25,10,3,4
4909,COTO DEL CARMEN,San Pedro Tlaquepaque,0.70,0,0,0
4910,PARQUES DE STA CRUZ DEL VALLE,San Pedro Tlaquepaque,1.00,13,3,3
4911,PARQUES DEL PALMAR,San Pedro Tlaquepaque,0.96,24,2,1
4912,MISION MAGNOLIA,San Pedro Tlaquepaque,1.10,3,0,0
4913,LOS ALMENDROS,San Pedro Tlaquepaque,0.85,0,0,0
4914,SENDEROS DE TLAQUEPAQUE,San Pedro Tlaquepaque,0.91,0,0,0
4915,VALLE DE LA MISERICORDIA,San Pedro Tlaquepaque,1.20,1,2,1
4916,LA GIGANTERA,Tlajomulco de Ziga,ND2020,ND2020,ND2020,ND2020
4917,VALLE DE LA MISERICORDIA,San Pedro Tlaquepaque,1.35,14,28,8
4918,VILLA FONTANA,San Pedro Tlaquepaque,0.91,18,2,1
4919,PASEO DE LOS PARQUES,San Pedro Tlaquepaque,0.78,0,0,0
4920,MAESTRANZA,San Pedro Tlaquepaque,ND2020,ND2020,ND2020,ND2020
4921,VERDE VALLE,San Pedro Tlaquepaque,1.13,11,0,0
4927,FOVISSSTE MIRAVALLE,San Pedro Tlaquepaque,0.95,7,4,2
4929,MISION CAPISTRANO,Zapopan,0.85,0,0,0
4930,EL EJIDO COPALITA,Zapopan,ND2020,ND2020,ND2020,ND2020
4931,CAMPO REAL,Zapopan,0.77,7,0,0
4932,LOS MOLINOS,Zapopan,1.10,7,3,0
4933,LAGO REAL,Zapopan,1.07,1,0,0
4934,PALERMO,Zapopan,0.87,1,2,0
4935,AMARANTO,Zapopan,0.82,1,1,1
4936,LA MAGDALENA,Zapopan,1.09,26,6,6
4937,PARQUES DE TESISTAN III,Zapopan,0.93,3,1,1
4938,SAN JOSE EJIDAL,Zapopan,1.12,21,7,5
4939,LA ALHAMBRA,Zapopan,0.82,2,0,0
4940,ARBOLEDAS DE TESISTAN,Zapopan,0.68,2,2,2
4941,VALLE NORTE,Zapopan,0.60,0,0,0
4942,LA VINATERA,Zapopan,ND2020,ND2020,ND2020,ND2020
4943,LA MORALEJA,Zapopan,ND2020,ND2020,ND2020,ND2020
4944,ALTALUZ,Zapopan,ND2020,ND2020,ND2020,ND2020
4945,SOMOS,Zapopan,0.79,3,2,2
4946,MIRADOR DEL BOSQUE,Zapopan,1.01,2,5,1
4947,ALBATERRA,Zapopan,ND2020,ND2020,ND2020,ND2020
4948,LOS TREBOLES,Zapopan,0.90,7,0,0
4949,JARDINES DE LA MAGDALENA,Zapopan,0.93,0,0,0
4950,EL HUIZACHE 1RO,Zapopan,ND2020,1,1,1
4951,LAS PALOMAS,Zapopan,1.04,6,4,3
4952,FORESTA SANTA ANITA,Tlajomulco de Ziga,ND2020,ND2020,ND2020,ND2020
4953,QUINTA SANTA ANITA,Tlajomulco de Ziga,0.72,2,2,2
4954,SORRENTO,Tlajomulco de Ziga,0.50,0,0,0
4955,REAL DE SAN IGNACIO,Tlajomulco de Ziga,0.70,0,0,0
4956,PROVENZA,Tlajomulco de Ziga,0.73,0,0,0
4957,DEL PILAR RESIDENCIAL,Tlajomulco de Ziga,0.65,0,0,0
4958,SANTA ANITA,Tlajomulco de Ziga,0.60,1,0,0
4959,LA RIOJA,Tlajomulco de Ziga,0.60,0,0,0
4960,EL MANANTIAL,Tlajomulco de Ziga,0.53,3,3,3
4961,NUEVA GALICIA,Tlajomulco de Ziga,0.65,4,2,2
4962,LA TIJERA,Tlajomulco de Ziga,0.74,5,1,1
4963,VILLAS DE LA TIJERA,Tlajomulco de Ziga,0.87,1,0,0
4964,TULIPANES,Tlajomulco de Ziga,1.05,43,2,1
4965,PUNTO SUR,Tlajomulco de Ziga,0.67,3,1,1
4966,SAN MARTIN DEL TAJO,Tlajomulco de Ziga,0.56,1,0,0
4967,SAN JOSE DEL TAJO,Tlajomulco de Ziga,0.54,3,2,2
4968,LOS GAVILANES PONIENTE,Tlajomulco de Ziga,0.47,0,0,0
4969,LOS GAVILANES,Tlajomulco de Ziga,0.66,4,2,1
4970,SANTA ISABEL,Tlajomulco de Ziga,0.92,1,0,0
4971,LAS VILLAS,Tlajomulco de Ziga,0.60,4,1,1
4972,LAGO NOGAL,Tlajomulco de Ziga,ND2020,ND2020,ND2020,ND2020
4991,MISION SANTA ANA,Zapopan,0.84,1,0,0
4992,SANTA ANA TEPETITLAN,Zapopan,1.02,141,8,9
4993,VISTAS DEL SOL,Zapopan,0.63,1,0,0
4994,LE PARC,Zapopan,0.80,5,0,1
4995,MONTEVERDE,Zapopan,0.90,1,0,0
4996,AUTODROMO,Zapopan,0.80,0,0,0
4997,FORET,Zapopan,0.72,1,0,0
4998,OYAMEL,Zapopan,0.88,1,0,0
4999,MONTEVERDE III,Zapopan,0.85,5,0,1
5000,MONTEVERDE II,Zapopan,0.88,0,0,0
5001,PARQUE ARRAYANES,Zapopan,0.82,0,0,0
5002,VILLAS OTERO DE GUADALUPE,Zapopan,0.90,0,0,0
5003,LA PEA,Zapopan,ND2020,ND2020,ND2020,ND2020
5004,LEONES,Zapopan,0.50,4,1,1
5005,OYAMEL 2,Zapopan,0.60,0,0,0
5006,OYAMEL 3,Zapopan,0.87,0,0,0
5007,ARENALES TAPATIOS,Zapopan,1.10,98,7,2
5008,VALLE DE SAN NICOLAS,Zapopan,0.90,1,0,0
5009,EL TIZATE,Zapopan,1.26,58,22,3
5010,VILLAS DE LA PRIMAVERA,Zapopan,1.03,0,0,0
5011,COLINAS DE LA PRIMAVERA,Zapopan,1.15,12,3,1
5012,VALLE DEL FORTIN,Zapopan,0.97,0,0,0
5013,EL FORTIN 2da SECC,Zapopan,1.10,8,4,3
5014,VALLE DE SAN NICOLAS 3ra SECC,Zapopan,0.73,8,0,0
5015,LOMAS DEL FORTIN,Zapopan,0.70,0,0,0
5016,LA ESCONDIDA,Zapopan,0.80,0,0,0
5017,LA GRANJA,Zapopan,1.16,7,1,1
5018,RECIENTE AMANECER,Zapopan,1.22,1,1,0
5019,PUERTA DEL BOSQUE,Zapopan,0.94,11,1,1
5020,VILLAS DE OTERO,Zapopan,0.70,0,0,0
5021,CITALA 3,Zapopan,0.82,0,0,0
5022,EL FORTIN,Zapopan,0.89,8,4,4
5023,BOSQUE REAL,Zapopan,ND2020,ND2020,ND2020,ND2020
5024,JARDINES DE SANTA ANA,Zapopan,1.18,4,0,0
5025,LOS CERRITOS,Zapopan,1.37,3,1,1
5026,CITALA CD JARDIN,Zapopan,0.79,1,0,0
5027,NATURA BOSQUE,Zapopan,0.84,0,0,0
5028,ARRAYANES HABITAT,Zapopan,0.64,1,1,1
5029,LUNA BOSQUE RESIDENCIAL,Zapopan,0.69,1,0,0
5030,VISTAS DEL VALLE 1,Zapopan,ND2020,ND2020,ND2020,ND2020
5031,CEIBAS,Zapopan,0.78,0,0,0
5032,PUNTA DE OTERO,Zapopan,0.70,1,0,0
5033,COTO ANTARA,Zapopan,0.78,0,0,0
5034,COTO FIRENZZE,Zapopan,0.69,1,0,0
5035,VISTAS  DEL VALLE,Zapopan,ND2020,ND2020,ND2020,ND2020
5036,MISION LA FLORESTA,Zapopan,0.82,1,0,0
5037,COTO AMALFI,Zapopan,0.66,0,0,0
5038,ZENITH,Zapopan,0.68,0,0,0
5039,TRENTO,Zapopan,0.74,2,0,0
5040,COTO LIVORNO,Zapopan,0.73,1,1,1
5041,CASTAOS,Zapopan,ND2020,ND2020,ND2020,ND2020
5042,EL PALOMAR,Tlajomulco de Ziga,0.55,1,1,1
5043,EL CIELO COUNTRY CLUB,Tlajomulco de Ziga,0.57,2,2,2
5051,ENTRELOMAS,Zapopan,0.60,0,0,0
5056,CIUDAD BUGAMBILIAS,Zapopan,0.58,41,5,4
5057,LAS TERRAZAS,San Pedro Tlaquepaque,0.76,4,3,3
5061,RESIDENCIAL JADE,Tlajomulco de Ziga,0.95,0,0,0
5062,VILLA TURQUESA,Tlajomulco de Ziga,ND2020,ND2020,ND2020,ND2020
5063,LOS LAURELES,Tlajomulco de Ziga,0.60,0,0,0
5064,CAMICHIN SANTA ANITA,Tlajomulco de Ziga,0.60,0,1,0
5065,CONDOMINIO CAMPO DE GOLF SANTA ANITA,Tlajomulco de Ziga,ND2020,ND2020,ND2020,ND2020
5066,SANTA ANITA,Tlajomulco de Ziga,0.60,0,0,0
5069,LAS PINTAS,El Salto,1.00,29,10,7
5081,BALCONES DE SANTA MARIA,San Pedro Tlaquepaque,0.88,2,1,0
5250,EL BAJO HABITAT 2,Zapopan,0.50,0,0,0
5251,EL BAJO HABITAT 1,Zapopan,0.60,0,0,0
5259,LOMAS DE SAN PEDRITO,San Pedro Tlaquepaque,0.97,1,0,0
5260,FELIPE ANGELES,San Pedro Tlaquepaque,1.26,32,7,5
5261,LA GUADALUPANA,San Pedro Tlaquepaque,1.09,8,1,0
5262,LA MICAILITA,San Pedro Tlaquepaque,1.19,3,2,0
5263,ROMITA,San Pedro Tlaquepaque,1.03,2,0,0
5264,EL VERGEL,San Pedro Tlaquepaque,1.05,97,10,5
5265,PASEOS DEL LAGO,San Pedro Tlaquepaque,1.15,2,0,0
5266,LA LADRILLERA,San Pedro Tlaquepaque,1.09,6,1,1
5267,VILLAS SAN MIGUEL,San Pedro Tlaquepaque,0.90,1,0,0
5268,VILLAS DE GUADALUPE,San Pedro Tlaquepaque,ND2020,ND2020,ND2020,ND2020
5269,PORTILLO LOPEZ (SALVADOR PORTILLO LOPEZ),San Pedro Tlaquepaque,1.05,16,1,1
5270,VILLAS LOS CANTAROS,San Pedro Tlaquepaque,0.89,2,0,0
5271,CANAL 58,San Pedro Tlaquepaque,0.96,10,0,0
5272,LOPEZ MATEOS,San Pedro Tlaquepaque,1.10,8,2,0
5273,EL CAMPESINO,San Pedro Tlaquepaque,1.18,45,4,0
5274,LAS HUERTAS,San Pedro Tlaquepaque,1.05,64,9,7
5275,EL CERRITO,San Pedro Tlaquepaque,1.19,46,9,7
5276,ALTOS ORIENTE,San Pedro Tlaquepaque,0.85,1,0,0
5277,HIDALGO,San Pedro Tlaquepaque,0.98,7,1,0
5278,LA DURAZNERA,San Pedro Tlaquepaque,1.14,53,8,4
5279,ALTOS NORTE,San Pedro Tlaquepaque,0.91,1,1,0
5280,PARQUES DE TLAQUEPAQUE,San Pedro Tlaquepaque,0.90,1,0,0
5281,LA SOLEDAD,San Pedro Tlaquepaque,0.71,6,1,0
5282,LA ASUNCION,San Pedro Tlaquepaque,0.97,3,9,2
5283,LOS ALTOS,San Pedro Tlaquepaque,0.77,6,0,0
5284,CAMICHINES,San Pedro Tlaquepaque,0.89,8,1,1
5285,VILLAS DE ORIENTE I,Tonal,1.02,3,0,0
5286,INFONAVIT LA SOLEDAD,Tonal,0.98,1,1,1
5287,PARQUES DE TLAQUEPAQUE,Tonal,ND2020,ND2020,ND2020,ND2020
5288,LOMAS DEL TAPATIO,San Pedro Tlaquepaque,1.10,19,3,3
5289,HACIENDA SAN PEDRO,San Pedro Tlaquepaque,0.75,2,2,2
5290,LINDAVISTA,San Pedro Tlaquepaque,0.88,9,3,1
5291,LOMAS DE TLAQUEPAQUE,San Pedro Tlaquepaque,0.85,12,3,3
5294,COTO CRETA,Zapopan,ND2020,ND2020,ND2020,ND2020
5297,LOMA IMPERIAL,Zapopan,1.40,2,4,1
5298,COTO ALTATERRA II,Zapopan,0.63,3,0,0
5299,LOS DOS PILARES,Zapotlanejo,ND2020,ND2020,ND2020,ND2020
5301,ALTUS PINAR,Tonal,1.13,2,2,2
5302,LOMA REAL,Tonal,ND2020,ND2020,ND2020,ND2020
5309,CONDOMINIO DELICIAS,San Pedro Tlaquepaque,ND2020,ND2020,ND2020,ND2020
5310,LAS VEGAS,San Pedro Tlaquepaque,0.98,0,0,0
5311,LAZARO CARDENAS,San Pedro Tlaquepaque,1.01,2,1,0
5312,RANCHO BLANCO,Guadalajara,0.99,1,1,1
5313,MIRADOR ALAMO INDUSTRIAL,Guadalajara,1.60,1,0,0
5314,LAZARO CARDENAS,Guadalajara,0.70,4,2,2
5315,LAS JUNTAS,Guadalajara,0.97,2,1,1
5316,MERIDIANO (HOGARES DEL ALAMO),San Pedro Tlaquepaque,0.85,0,0,0
5317,COTO JUAN DIEGO,San Pedro Tlaquepaque,0.80,0,0,0
5318,PUERTA DEL PRADO,San Pedro Tlaquepaque,0.83,2,0,0
5319,CANTO DE LUNA,San Pedro Tlaquepaque,1.00,0,0,0
5320,EL ALAMO,Guadalajara,0.87,1,3,0
5321,PARQUE INDUSTRIAL EL ALAMO,Guadalajara,0.76,0,0,0
5322,REVOLUCION,San Pedro Tlaquepaque,0.71,9,0,0
5323,HACIENDA DE TLAQUEPAQUE,San Pedro Tlaquepaque,0.91,2,0,0
5324,LAS JUNTAS,San Pedro Tlaquepaque,1.16,29,2,2
5325,EL ALAMO,San Pedro Tlaquepaque,0.74,4,4,2
5326,BRISAS DE CHAPALA,San Pedro Tlaquepaque,1.03,5,0,1
5327,EL ALAMO,San Pedro Tlaquepaque,0.71,5,0,0
5328,ALAMO INDUSTRIAL,San Pedro Tlaquepaque,0.93,7,5,5
5329,EL TAPATIO,San Pedro Tlaquepaque,0.74,10,0,0
5330,COLONIAL TLAQUEPAQUE,San Pedro Tlaquepaque,0.84,10,1,1
5331,LOMAS DE SAN MIGUEL,San Pedro Tlaquepaque,0.89,2,0,0
5332,ALAMO ORIENTE,San Pedro Tlaquepaque,0.82,6,2,0
5333,LA CAPACHA,San Pedro Tlaquepaque,0.78,11,1,0
5334,LAS JUNTAS,San Pedro Tlaquepaque,1.00,33,2,2
5335,CUMBRES DEL PRADO,San Pedro Tlaquepaque,ND2020,ND2020,ND2020,ND2020
5336,MERIDIANO,San Pedro Tlaquepaque,0.85,0,0,0
5337,VILLAS DEL PRADO,San Pedro Tlaquepaque,0.81,0,0,0
5340,COTO F2 NORTE SIENNA,Zapopan,ND2020,ND2020,ND2020,ND2020
5341,COTO F2 SUR SIVEC,Zapopan,ND2020,ND2020,ND2020,ND2020
5344,LOS GUAYABOS,Zapopan,0.65,0,0,0
5345,COLINAS DE TESISTAN,Zapopan,0.80,1,1,1
5346,COLINAS DEL RIO,Zapopan,1.06,9,3,9
5347,EL ZAPOTE II,Zapopan,1.15,4,3,3
5348,SENDAS RESIDENCIAL G2,Zapopan,0.70,2,2,2
5349,SENDAS RESIDENCIAL G3,Zapopan,0.70,0,0,0
5350,MARIANO OTERO,Zapopan,0.99,36,14,6
5351,ARTESANOS,San Pedro Tlaquepaque,1.03,51,12,6
5372,DE LAS FLORES,Tlajomulco de Ziga,1.34,25,0,0
5373,JARDINES DE LA PRIMAVERA,Tlajomulco de Ziga,1.18,0,0,0
5374,EL PARAISO,Tlajomulco de Ziga,1.11,3,0,0
5375,SAN SEBASTIAN EL GRANDE,Tlajomulco de Ziga,1.11,65,19,1
5376,LA CAPACHA,Tlajomulco de Ziga,ND2020,ND2020,ND2020,ND2020
5378,EL CHIRIMOYO,Tlajomulco de Ziga,1.16,3,2,2
5399,LA VICTORIAS,Zapopan,0.65,0,0,0
5401,AL VIENTO II,Zapopan,0.70,0,0,0
5406,GEO VILLAS LOS OLIVOS III,San Pedro Tlaquepaque,0.86,1,0,0
5412,REAL TULIPANES,San Pedro Tlaquepaque,ND2020,ND2020,ND2020,ND2020
5433,SAN MARTIN DE LAS FLORES DE ABAJO,San Pedro Tlaquepaque,1.21,178,7,9
5470,PASEOS DEL PRADO,San Pedro Tlaquepaque,0.87,3,2,1
5471,LAS POMAS,San Pedro Tlaquepaque,1.27,7,12,0
5472,AUREA,San Pedro Tlaquepaque,ND2020,ND2020,ND2020,ND2020
5475,TOLUQUILLA,San Pedro Tlaquepaque,0.88,29,14,12
5479,EMILIANO ZAPATA,Tonal,1.31,21,4,1
5481,EL CAMPANARIO,Zapopan,0.99,26,3,6
5482,LOS CAJETES,Zapopan,1.12,12,3,1
5483,LA TIJERA,San Pedro Tlaquepaque,1.17,2,1,1
5484,LA BELLA,San Pedro Tlaquepaque,ND2020,ND2020,ND2020,ND2020
5486,LOS PORTALES,San Pedro Tlaquepaque,1.00,9,4,0
5487,NUEVA CENTRAL CAMIONERA,San Pedro Tlaquepaque,ND2020,1,1,1
5488,HACIENDA DE VIDRIO,San Pedro Tlaquepaque,1.01,11,4,2
5489,CRUCERO CENTRAL,San Pedro Tlaquepaque,ND2020,2,2,2
5490,SAN PEDRITO,San Pedro Tlaquepaque,1.10,90,13,8
5491,PAISAJES DEL TAPATIO,San Pedro Tlaquepaque,ND2020,ND2020,ND2020,ND2020
5492,HORIZONTE EL TAPATIO,San Pedro Tlaquepaque,0.78,2,0,0
5493,EL TAPATIO,San Pedro Tlaquepaque,1.11,81,25,16
5494,VILLAS DEL TAPATIO,San Pedro Tlaquepaque,0.83,3,7,2
5521,LOS NARANJOS,San Pedro Tlaquepaque,1.00,1,1,0
5522,TATEPOSCO (SAN JOSE DE TATEPOSCO),San Pedro Tlaquepaque,1.14,50,5,2
5523,CANTERA COLORADA,San Pedro Tlaquepaque,0.93,27,1,0
5524,RESIDENCIAL ARRAYANES,San Pedro Tlaquepaque,0.42,13,0,0
5525,VALLE DEL PARAISO,San Pedro Tlaquepaque,1.28,0,0,0
5526,LAS LOMAS,San Pedro Tlaquepaque,0.77,0,0,0
5527,LAS LOMAS,Tonal,ND2020,ND2020,ND2020,ND2020
5528,FRANCISCO SILVA ROMERO,San Pedro Tlaquepaque,1.15,58,12,5
5529,PARQUES DE LA VICTORIA,San Pedro Tlaquepaque,1.16,19,0,0
5530,LA ARENA,San Pedro Tlaquepaque,1.23,11,5,0
5531,LOS PUESTOS,San Pedro Tlaquepaque,1.13,78,13,9
5532,EL ROBLE,San Pedro Tlaquepaque,0.82,2,0,0
5535,QUINTANOVA,San Pedro Tlaquepaque,ND2020,ND2020,ND2020,ND2020
5536,LA CALERILLA,San Pedro Tlaquepaque,0.84,11,8,4
5547,PUNTA VALDEPEAS 2,Zapopan,ND2020,ND2020,ND2020,ND2020
5548,BOSQUE DE VALDEPEAS,Zapopan,0.65,1,1,1
5549,ARANDANOS,Zapopan,0.80,0,0,0
5550,MIRADOR DE SAN ISIDRO,Zapopan,0.69,3,0,0
5551,VALDEPEAS II,Zapopan,0.72,1,0,0
5552,VISTA NORTE,Zapopan,0.50,1,1,1
5553,CAADAS,Zapopan,0.80,0,0,0
5554,COTO CAADAS,Zapopan,0.80,0,0,0
5555,COTO LAS VENTANAS,Zapopan,0.62,2,0,0
5556,BOSQUES,Zapopan,0.65,1,0,0
5557,COTO VITANAS,Zapopan,0.68,2,2,2
5558,MONTES,Zapopan,0.73,0,0,0
5559,VISTA SUR,Zapopan,0.80,0,0,0
5560,RANCHO NUEVO,Zapopan,0.70,0,0,0
5561,ARGENTA PARQUE RESIDENCIAL,Zapopan,0.70,0,0,0
5562,SIN NOMBRE,Zapopan,ND2020,1,1,1
5563,CARRARA,Zapopan,ND2020,ND2020,ND2020,ND2020
5564,PRADOS DE LA SOLEDAD,Zapopan,ND2020,ND2020,ND2020,ND2020
5565,ARBORETO RESIDENCIAL,Zapopan,ND2020,ND2020,ND2020,ND2020
